complaint_id,received_date,resolved_date,customer_id,primary_category,complaint_notes,contact_channel,product_id,branch_id,status,escalation_target
CS-2025-00001,2025-06-06,2025-06-11,C10253,Online & Mobile Banking,Customer reported difficulty with online or mobile banking. Additional notes were entered for review.,Phone,P004,,Resolved,
CS-2025-00002,2025-07-06,2025-07-11,C10099,Cards,Issue reviewed with customer.,Phone,P008,,Resolved,
CS-2025-00003,2025-09-01,2025-09-07,C10146,Fees,Customer disputed a fee and requested review. Representative attempted to resolve the issue during the interaction.,Secure Message,P004,B004,Resolved,
CS-2025-00004,2025-02-19,,C10590,Fees,Customer called about concern.,Branch Referral,P008,B010,Open,
CS-2026-00005,2026-03-07,2026-03-08,C10457,Other,Issue reviewed with customer.,Phone,P001,,Resolved,
CS-2025-00006,2025-05-09,2025-05-22,C10292,Employee / Service,Customer described dissatisfaction with an employee interaction or service experience. Representative attempted to resolve the issue during the interaction.,Secure Message,P003,,Resolved,
CS-2025-00007,2025-03-20,2025-03-26,C10550,Employee / Service,Issue reviewed with customer.,Phone,P007,B010,Resolved,
CS-2025-00008,2025-11-06,2025-11-24,C10093,Lending,Customer expressed dissatisfaction related to a lending product or process. Customer provided additional context about the experience.,Email,P010,,Resolved,
CS-2025-00009,2025-09-12,,C10174,Cards,Customer reported a debit or credit card concern. Additional notes were entered for review.,Phone,P011,,Referred,Other Department
CS-2025-00010,2025-11-25,2025-12-14,C10140,Other,Customer described a concern that did not clearly fit an available category. Additional notes were entered for review.,Phone,,B004,Resolved,
CS-2026-00011,2026-02-10,2026-02-22,C10311,Employee / Service,Customer described dissatisfaction with an employee interaction or service experience. Representative documented the issue for follow-up.,Branch Referral,P009,B007,Resolved,
CS-2026-00012,2026-07-01,,C10167,Account Servicing,Customer expressed dissatisfaction with account servicing. Representative attempted to resolve the issue during the interaction.,Secure Message,P004,,Referred,Supervisor
CS-2026-00013,2026-03-08,2026-03-14,C10245,Fees,Customer disputed a fee and requested review. Additional notes were entered for review.,Secure Message,P003,,Resolved,
CS-2026-00014,2026-03-02,2026-03-10,C10263,Online & Mobile Banking,Issue reviewed with customer.,Phone,P002,,Resolved,
CS-2026-00015,2026-01-25,2026-02-16,C10273,Other,Customer described a concern that did not clearly fit an available category. Additional notes were entered for review.,Email,P008,,Resolved,
CS-2025-00016,2025-07-25,2025-08-09,C10348,Account Servicing,Customer expressed dissatisfaction with account servicing. Representative documented the issue for follow-up.,Phone,P006,B001,Resolved,
CS-2025-00017,2025-12-26,2026-01-04,C10349,Fees,Issue reviewed with customer.,Phone,,B003,Resolved,
CS-2026-00018,2026-07-17,2026-07-28,C10598,Online & Mobile Banking,Customer reported difficulty with online or mobile banking. Representative documented the issue for follow-up.,Branch Referral,P006,B007,Resolved,
CS-2025-00019,2025-06-16,2025-06-19,C10363,Cards,Customer reported a debit or credit card concern. Customer provided additional context about the experience.,Other Department Referral,P011,,Resolved,
CS-2025-00020,2025-07-13,,C10402,Account Servicing,Customer expressed dissatisfaction with account servicing. Additional notes were entered for review.,Email,P001,,Open,
CS-2026-00021,2026-06-22,2026-07-11,C10460,Lending,Customer expressed dissatisfaction related to a lending product or process. Additional notes were entered for review.,Secure Message,P011,,Resolved,
CS-2026-00022,2026-05-12,2026-05-13,C10239,Online & Mobile Banking,Customer reported difficulty with online or mobile banking. Representative attempted to resolve the issue during the interaction.,Secure Message,P011,,Resolved,
CS-2025-00023,2025-12-18,2025-12-24,C10427,Online & Mobile Banking,Customer reported difficulty with online or mobile banking. Additional notes were entered for review.,Secure Message,P006,B008,Resolved,
CS-2026-00024,2026-03-01,2026-03-18,C10545,Online & Mobile Banking,Customer reported difficulty with online or mobile banking. Representative attempted to resolve the issue during the interaction.,Phone,P005,,Resolved,
CS-2026-00025,2026-05-04,2026-05-16,C10592,Fees,Customer disputed a fee and requested review. Representative documented the issue for follow-up.,Email,P001,,Resolved,
CS-2025-00026,2025-07-17,2025-08-08,C10281,Online & Mobile Banking,Customer reported difficulty with online or mobile banking. Representative documented the issue for follow-up.,Branch Referral,P001,B010,Resolved,
CS-2025-00027,2025-07-27,,C10297,Employee / Service,Customer described dissatisfaction with an employee interaction or service experience. Representative documented the issue for follow-up.,Phone,P001,,Open,
CS-2026-00028,2026-04-27,2026-04-28,C10332,Account Servicing,Customer expressed dissatisfaction with account servicing. Representative attempted to resolve the issue during the interaction.,Secure Message,P009,B008,Resolved,
CS-2026-00029,2026-08-17,2026-08-21,C10395,Lending,Customer upset; follow-up requested.,Phone,,,Resolved,
CS-2025-00030,2025-10-27,2025-10-31,C10342,Fees,Customer disputed a fee and requested review. Additional notes were entered for review.,Phone,P010,,Resolved,
CS-2025-00031,2025-11-15,2025-11-26,C10260,Lending,Customer expressed dissatisfaction related to a lending product or process. Customer provided additional context about the experience.,Phone,P011,,Resolved,
CS-2025-00032,2025-06-11,2025-06-26,C10566,Other,Customer described a concern that did not clearly fit an available category. Additional notes were entered for review.,Other Department Referral,P011,,Resolved,
CS-2026-00033,2026-05-09,,C10324,Other,Customer called about concern.,Phone,P002,,Open,
CS-2025-00034,2025-06-21,2025-06-21,C10474,Other,Customer described a concern that did not clearly fit an available category. Representative attempted to resolve the issue during the interaction.,Other Department Referral,P002,B010,Resolved,
CS-2026-00035,2026-04-02,2026-04-17,C10475,Fees,Customer disputed a fee and requested review. Additional notes were entered for review.,Branch Referral,,B007,Resolved,
CS-2025-00036,2025-09-26,2025-10-12,C10489,Fees,Customer disputed a fee and requested review. Customer provided additional context about the experience.,Phone,P008,,Resolved,
CS-2025-00037,2025-04-01,2025-04-01,C10555,Account Servicing,Issue reviewed with customer.,Phone,P010,,Resolved,
CS-2025-00038,2025-07-25,2025-08-01,C10295,Online & Mobile Banking,Customer reported difficulty with online or mobile banking. Representative documented the issue for follow-up.,Branch Referral,P003,B007,Resolved,
CS-2025-00039,2025-04-28,2025-05-05,C10178,Online & Mobile Banking,Customer reported difficulty with online or mobile banking. Additional notes were entered for review.,Secure Message,P004,,Resolved,
CS-2026-00040,2026-06-11,,C10314,Employee / Service,Issue reviewed with customer.,Phone,P008,,Open,
CS-2025-00041,2025-12-12,,C10476,Cards,Customer reported a debit or credit card concern. Customer provided additional context about the experience.,Other Department Referral,P007,,Open,
CS-2025-00042,2025-01-23,2025-02-03,C10567,Account Servicing,Customer called about concern.,Secure Message,P005,,Resolved,
CS-2026-00043,2026-06-10,2026-06-29,,Other,Customer described a concern that did not clearly fit an available category. Representative attempted to resolve the issue during the interaction.,Phone,P001,,Resolved,
CS-2025-00044,2025-03-18,,C10058,Lending,Customer expressed dissatisfaction related to a lending product or process. Customer provided additional context about the experience.,Secure Message,P002,,Referred,Other Department
CS-2025-00045,2025-03-14,,C10474,Lending,Customer upset; follow-up requested.,Phone,P010,,Open,
CS-2026-00046,2026-06-21,,C10269,Employee / Service,Customer described dissatisfaction with an employee interaction or service experience. Representative attempted to resolve the issue during the interaction.,Branch Referral,P003,B010,Open,
CS-2025-00047,2025-10-12,2025-10-26,C10143,Account Servicing,Customer expressed dissatisfaction with account servicing. Representative attempted to resolve the issue during the interaction.,Phone,P009,,Resolved,
CS-2025-00048,2025-08-03,2025-08-24,C10169,Online & Mobile Banking,Customer reported difficulty with online or mobile banking. Representative attempted to resolve the issue during the interaction.,Branch Referral,P001,,Resolved,
CS-2025-00049,2025-04-18,2025-05-05,C10008,Lending,Customer expressed dissatisfaction related to a lending product or process. Customer provided additional context about the experience.,Phone,P010,,Resolved,
CS-2025-00050,2025-06-08,2025-06-24,C10124,Cards,Customer called about concern.,Phone,P009,B006,Resolved,
CS-2025-00051,2025-02-10,,,Lending,Issue reviewed with customer.,Branch Referral,P001,B005,Referred,Supervisor
CS-2025-00052,2025-08-14,2025-08-25,C10464,Account Servicing,Customer expressed dissatisfaction with account servicing. Customer provided additional context about the experience.,Phone,,,Resolved,
CS-2026-00053,2026-04-08,2026-04-21,C10109,Cards,Issue reviewed with customer.,Phone,P001,,Resolved,
CS-2025-00054,2025-03-01,2025-03-14,C10301,Employee / Service,Customer described dissatisfaction with an employee interaction or service experience. Representative attempted to resolve the issue during the interaction.,Secure Message,P004,,Resolved,
CS-2025-00055,2025-01-22,2025-02-07,C10421,Employee / Service,Customer described dissatisfaction with an employee interaction or service experience. Representative documented the issue for follow-up.,Secure Message,P004,,Resolved,
CS-2025-00056,2025-07-28,2025-08-18,C10191,Online & Mobile Banking,Customer reported difficulty with online or mobile banking. Customer provided additional context about the experience.,Phone,P009,B007,Resolved,
CS-2025-00057,2025-04-24,2025-05-05,C10191,Lending,Customer expressed dissatisfaction related to a lending product or process. Customer provided additional context about the experience.,Secure Message,P006,,Resolved,
CS-2025-00058,2025-09-14,2025-09-29,C10498,Employee/Service,Customer described dissatisfaction with an employee interaction or service experience. Representative attempted to resolve the issue during the interaction.,Phone,P001,B008,Resolved,
CS-2025-00059,2025-02-25,2025-03-11,C10239,Account Servicing,Customer upset; follow-up requested.,Branch Referral,P003,B003,Resolved,
CS-2026-00060,2026-02-09,2026-02-23,C10595,Cards,Customer reported a debit or credit card concern. Additional notes were entered for review.,Phone,P006,B005,Resolved,
CS-2026-00061,2026-02-03,2026-02-14,C10020,Account Servicing,Customer expressed dissatisfaction with account servicing. Additional notes were entered for review.,Email,P005,,Resolved,
CS-2025-00062,2025-01-04,2025-01-16,C10272,Other,Customer upset; follow-up requested.,Phone,P003,,Resolved,
CS-2025-00063,2025-08-18,2025-09-07,C10407,Employee / Service,Customer described dissatisfaction with an employee interaction or service experience. Representative documented the issue for follow-up.,Phone,P001,,Resolved,
CS-2025-00064,2025-06-04,2025-06-08,C10302,Cards,Issue reviewed with customer.,Phone,P008,,Resolved,
CS-2025-00065,2025-12-22,2025-12-31,C10221,Online & Mobile Banking,Customer reported difficulty with online or mobile banking. Additional notes were entered for review.,Secure Message,,,Resolved,
CS-2026-00066,2026-03-24,2026-04-06,C10246,Fees,Customer disputed a fee and requested review. Additional notes were entered for review.,Phone,P003,,Resolved,
CS-2025-00067,2025-10-14,2025-10-29,C10006,Employee / Service,Customer described dissatisfaction with an employee interaction or service experience. Representative attempted to resolve the issue during the interaction.,Phone,P006,,Resolved,
CS-2025-00068,2025-03-02,,C10175,Other,Customer described a concern that did not clearly fit an available category. Representative documented the issue for follow-up.,Other Department Referral,P001,,Open,
CS-2025-00069,2025-06-19,2025-06-27,C10033,Account Servicing,Customer expressed dissatisfaction with account servicing. Representative attempted to resolve the issue during the interaction.,Phone,P001,,Resolved,
CS-2026-00070,2026-08-18,2026-08-28,C10318,Online & Mobile Banking,Customer reported difficulty with online or mobile banking. Representative attempted to resolve the issue during the interaction.,Phone,P001,,Resolved,
CS-2026-00071,2026-02-03,2026-02-25,C10413,Lending,Customer expressed dissatisfaction related to a lending product or process. Additional notes were entered for review.,Phone,P010,,Resolved,
CS-2025-00072,2025-08-24,2025-09-15,C10014,Cards,Customer called about concern.,Phone,P011,B001,Resolved,
CS-2025-00073,2025-12-31,2026-01-08,C10178,Online & Mobile Banking,Customer reported difficulty with online or mobile banking. Representative documented the issue for follow-up.,Secure Message,P005,B003,Resolved,
CS-2025-00074,2025-04-17,2025-05-08,C10559,Cards,Issue reviewed with customer.,Phone,P006,,Resolved,
CS-2025-00075,2025-01-19,2025-01-25,C10029,Online & Mobile Banking,Issue reviewed with customer.,Phone,P005,,Resolved,
CS-2026-00076,2026-02-17,2026-03-07,C10236,Online & Mobile Banking,Customer reported difficulty with online or mobile banking. Representative attempted to resolve the issue during the interaction.,Branch Referral,P007,B004,Resolved,
CS-2026-00077,2026-01-09,,C10448,Account Servicing,Customer expressed dissatisfaction with account servicing. Customer provided additional context about the experience.,Secure Message,P005,,Open,
CS-2026-00078,2026-08-03,,C10572,Online & Mobile Banking,Customer reported difficulty with online or mobile banking. Additional notes were entered for review.,Phone,P002,,Open,
CS-2026-00079,2026-08-30,2026-09-01,C10424,Other,Customer upset; follow-up requested.,Email,P007,,Resolved,
CS-2026-00080,2026-03-30,2026-04-17,C10321,Lending,Customer expressed dissatisfaction related to a lending product or process. Customer provided additional context about the experience.,Email,,,Resolved,
CS-2025-00081,2025-12-28,2026-01-17,C10596,Lending,Customer expressed dissatisfaction related to a lending product or process. Additional notes were entered for review.,Branch Referral,P002,B002,Resolved,
CS-2025-00082,2025-09-20,,C10481,Account Servicing,Customer expressed dissatisfaction with account servicing. Representative attempted to resolve the issue during the interaction.,Phone,P001,,Open,
CS-2026-00083,2026-04-19,2026-05-07,C10144,Account Servicing,Customer expressed dissatisfaction with account servicing. Representative documented the issue for follow-up.,Secure Message,P006,,Resolved,
CS-2025-00084,2025-05-15,2025-05-17,C10068,Employee / Service,Issue reviewed with customer.,Phone,P001,,Resolved,
CS-2025-00085,2025-05-07,2025-05-17,C10240,Online & Mobile Banking,Customer reported difficulty with online or mobile banking. Additional notes were entered for review.,Phone,P005,,Resolved,
CS-2026-00086,2026-01-05,,C10169,Employee / Service,Customer described dissatisfaction with an employee interaction or service experience. Customer provided additional context about the experience.,Other Department Referral,P011,,Referred,Compliance
CS-2025-00087,2025-11-30,2025-12-04,C10025,cards,Customer reported a debit or credit card concern. Additional notes were entered for review.,Secure Message,P003,,Resolved,
CS-2026-00088,2026-06-20,,C10349,Lending,Customer expressed dissatisfaction related to a lending product or process. Customer provided additional context about the experience.,Secure Message,P010,,Open,
CS-2025-00089,2025-10-12,2025-10-26,C10547,Lending,Customer expressed dissatisfaction related to a lending product or process. Representative attempted to resolve the issue during the interaction.,Branch Referral,P011,B001,Resolved,
CS-2025-00090,2025-11-25,,C10368,Fees,Customer disputed a fee and requested review. Additional notes were entered for review.,Email,P001,B001,Referred,Other Department
CS-2026-00091,2026-07-27,2026-08-18,C10143,Cards,Customer reported a debit or credit card concern. Representative documented the issue for follow-up.,Phone,P007,,Resolved,
CS-2026-00092,2026-03-13,2026-04-01,C10152,Lending,Customer expressed dissatisfaction related to a lending product or process. Additional notes were entered for review.,Phone,P011,,Resolved,
CS-2026-00093,2026-06-06,2026-06-10,C10092,Online & Mobile Banking,Customer reported difficulty with online or mobile banking. Representative documented the issue for follow-up.,Phone,P006,,Resolved,
CS-2025-00094,2025-01-05,,C10004,Cards,Customer called about concern.,Phone,P002,,Referred,Other Department
CS-2025-00095,2025-03-13,2025-03-21,C10510,Account Servicing,Customer expressed dissatisfaction with account servicing. Additional notes were entered for review.,Branch Referral,,B008,Resolved,
CS-2025-00096,2025-07-14,2025-07-22,C10140,Fees,Customer disputed a fee and requested review. Customer provided additional context about the experience.,Phone,P008,,Resolved,
CS-2025-00097,2025-01-13,2025-01-24,C10532,Employee / Service,Customer described dissatisfaction with an employee interaction or service experience. Customer provided additional context about the experience.,Branch Referral,P002,B005,Resolved,
CS-2025-00098,2025-03-27,2025-04-17,C10156,Online & Mobile Banking,Customer reported difficulty with online or mobile banking. Additional notes were entered for review.,Secure Message,P009,,Resolved,
CS-2026-00099,2026-04-04,2026-04-24,C10210,Account Servicing,Customer expressed dissatisfaction with account servicing. Representative attempted to resolve the issue during the interaction.,Phone,P001,,Resolved,
CS-2026-00100,2026-07-22,2026-07-24,C10068,Other,Customer described a concern that did not clearly fit an available category. Additional notes were entered for review.,Phone,,,Resolved,
CS-2025-00101,2025-05-20,2025-05-23,C10385,Employee / Service,Customer described dissatisfaction with an employee interaction or service experience. Customer provided additional context about the experience.,Phone,P009,B005,Resolved,
CS-2026-00102,2026-03-20,2026-04-02,C10560,Employee / Service,Customer described dissatisfaction with an employee interaction or service experience. Representative attempted to resolve the issue during the interaction.,Phone,,,Resolved,
CS-2025-00103,2025-07-30,2025-08-19,C10349,Online & Mobile Banking,Customer called about concern.,Phone,P004,,Resolved,
CS-2025-00104,2025-02-25,2025-03-02,C10344,Employee / Service,Customer upset; follow-up requested.,Phone,,B003,Resolved,
CS-2026-00105,2026-02-28,2026-03-22,C10523,Other,Customer described a concern that did not clearly fit an available category. Representative documented the issue for follow-up.,Secure Message,P008,,Resolved,
CS-2026-00106,2026-07-09,2026-07-20,C10273,Employee / Service,Customer described dissatisfaction with an employee interaction or service experience. Representative attempted to resolve the issue during the interaction.,Phone,P002,B006,Resolved,
CS-2025-00107,2025-03-08,2025-03-17,C10092,Other,Customer described a concern that did not clearly fit an available category. Representative attempted to resolve the issue during the interaction.,Phone,P003,B006,Resolved,
CS-2025-00108,2025-12-01,2025-12-19,C10298,Online & Mobile Banking,Customer reported difficulty with online or mobile banking. Additional notes were entered for review.,Branch Referral,P009,B009,Resolved,
CS-2025-00109,2025-10-30,2025-11-11,C10200,Online & Mobile Banking,Customer called about concern.,Phone,,,Resolved,
CS-2026-00110,2026-05-30,2026-06-16,C10159,Lending,Customer expressed dissatisfaction related to a lending product or process. Additional notes were entered for review.,Phone,P009,,Resolved,
CS-2026-00111,2026-01-03,2026-01-19,C10104,Cards,Customer upset; follow-up requested.,Secure Message,P006,,Resolved,
CS-2025-00112,2025-10-23,,C10539,Cards,Customer reported a debit or credit card concern. Customer provided additional context about the experience.,Email,P005,,Open,
CS-2025-00113,2025-08-04,2025-08-11,C10315,Employee / Service,Customer described dissatisfaction with an employee interaction or service experience. Additional notes were entered for review.,Secure Message,P004,,Resolved,
CS-2026-00114,2026-02-21,2026-03-05,C10160,Employee / Service,Customer described dissatisfaction with an employee interaction or service experience. Representative documented the issue for follow-up.,Secure Message,P001,,Resolved,
CS-2026-00115,2026-01-31,2026-02-11,C10596,Lending,Customer expressed dissatisfaction related to a lending product or process. Representative documented the issue for follow-up.,Phone,P011,,Resolved,
CS-2025-00116,2025-06-30,,C10343,Online & Mobile Banking,Customer reported difficulty with online or mobile banking. Representative documented the issue for follow-up.,Email,P006,B002,Referred,Other Department
CS-2026-00117,2026-08-02,,C10516,Online & Mobile Banking,Customer reported difficulty with online or mobile banking. Representative documented the issue for follow-up.,Phone,P008,,Open,
CS-2025-00118,2025-07-24,2025-07-29,C10218,Other ,Customer described a concern that did not clearly fit an available category. Additional notes were entered for review.,Other Department Referral,P010,,Resolved,
CS-2026-00119,2026-03-12,2026-04-02,C10038,Account Servicing,Customer expressed dissatisfaction with account servicing. Additional notes were entered for review.,Phone,P002,,Resolved,
CS-2026-00120,2026-01-29,2026-02-05,C10235,Employee / Service,Issue reviewed with customer.,Branch Referral,P004,B010,Resolved,
CS-2025-00121,2025-08-26,2025-09-13,C10362,Other,Customer described a concern that did not clearly fit an available category. Representative attempted to resolve the issue during the interaction.,Secure Message,P009,B005,Resolved,
CS-2026-00122,2026-01-24,2026-01-24,C10240,Employee / Service,Customer described dissatisfaction with an employee interaction or service experience. Representative documented the issue for follow-up.,Phone,P011,,Resolved,
CS-2025-00123,2025-02-05,2025-02-10,C10549,Cards,Customer reported a debit or credit card concern. Representative documented the issue for follow-up.,Email,P006,B010,Resolved,
CS-2025-00124,2025-07-16,,C10214,Online & Mobile Banking,Customer reported difficulty with online or mobile banking. Representative documented the issue for follow-up.,Phone,P007,,Open,
CS-2026-00125,2026-02-07,2026-02-25,C10520,Lending,Customer expressed dissatisfaction related to a lending product or process. Representative documented the issue for follow-up.,Secure Message,P004,,Resolved,
CS-2026-00126,2026-08-20,2026-08-31,C10265,Employee / Service,Customer described dissatisfaction with an employee interaction or service experience. Representative attempted to resolve the issue during the interaction.,Other Department Referral,P001,,Resolved,
CS-2025-00127,2025-02-03,2025-02-25,C10180,Cards,Customer called about concern.,Phone,P009,,Resolved,
CS-2026-00128,2026-08-15,2026-09-01,C10533,Fees,Customer disputed a fee and requested review. Customer provided additional context about the experience.,Other Department Referral,P009,,Resolved,
CS-2025-00129,2025-01-22,2025-01-24,C10009,Fees,Customer disputed a fee and requested review. Customer provided additional context about the experience.,Phone,,B001,Resolved,
CS-2025-00130,2025-04-26,2025-04-27,C10149,Fees,Customer disputed a fee and requested review. Representative attempted to resolve the issue during the interaction.,Secure Message,P008,,Resolved,
CS-2025-00131,2025-06-08,2025-06-14,C10405,Online & Mobile Banking,Customer reported difficulty with online or mobile banking. Representative attempted to resolve the issue during the interaction.,Phone,P002,,Resolved,
CS-2026-00132,2026-01-26,2026-02-02,C10096,Fees,Customer disputed a fee and requested review. Representative attempted to resolve the issue during the interaction.,Secure Message,P009,,Resolved,
CS-2025-00133,2025-11-12,2025-11-18,C10140,Other,Customer described a concern that did not clearly fit an available category. Additional notes were entered for review.,Phone,P002,,Resolved,
CS-2026-00134,2026-08-16,2026-08-25,C10584,Online & Mobile Banking,Customer reported difficulty with online or mobile banking. Representative documented the issue for follow-up.,Phone,P003,,Resolved,
CS-2026-00135,2026-01-20,2026-01-29,C10479,Online & Mobile Banking,Customer reported difficulty with online or mobile banking. Representative documented the issue for follow-up.,Secure Message,P002,,Resolved,
CS-2026-00136,2026-08-19,2026-08-22,C10005,Other,Customer described a concern that did not clearly fit an available category. Customer provided additional context about the experience.,Secure Message,P005,,Resolved,
CS-2026-00137,2026-04-23,,C10529,Cards,Customer reported a debit or credit card concern. Additional notes were entered for review.,Phone,P009,,Open,
CS-2026-00138,2026-08-20,2026-09-09,C10222,Cards,Customer reported a debit or credit card concern. Customer provided additional context about the experience.,Phone,P004,,Resolved,
CS-2025-00139,2025-09-19,2025-10-08,C10031,Cards,Customer reported a debit or credit card concern. Additional notes were entered for review.,Secure Message,P011,,Resolved,
CS-2025-00140,2025-08-25,2025-09-08,C10383,Employee / Service,Customer described dissatisfaction with an employee interaction or service experience. Representative documented the issue for follow-up.,Secure Message,P004,,Resolved,
CS-2026-00141,2026-03-29,2026-04-14,C10421,Cards,Customer reported a debit or credit card concern. Customer provided additional context about the experience.,Secure Message,P007,,Resolved,
CS-2026-00142,2026-04-02,,C10512,Account Servicing,Customer expressed dissatisfaction with account servicing. Customer provided additional context about the experience.,Phone,P002,,Referred,Other Department
CS-2025-00143,2025-03-06,2025-03-07,C10152,Employee / Service,Customer described dissatisfaction with an employee interaction or service experience. Customer provided additional context about the experience.,Phone,P011,,Resolved,
CS-2025-00144,2025-04-01,2025-04-19,C10515,Online & Mobile Banking,Customer reported difficulty with online or mobile banking. Representative documented the issue for follow-up.,Phone,P001,B010,Resolved,
CS-2026-00145,2026-02-09,2026-02-24,C10539,Other,Customer described a concern that did not clearly fit an available category. Additional notes were entered for review.,Secure Message,P003,,Resolved,
CS-2025-00146,2025-09-20,2025-10-12,C10447,Lending,Customer expressed dissatisfaction related to a lending product or process. Representative attempted to resolve the issue during the interaction.,Secure Message,P009,,Resolved,
CS-2025-00147,2025-07-11,2025-07-20,C10444,Online & Mobile Banking,Customer reported difficulty with online or mobile banking. Representative documented the issue for follow-up.,Phone,P002,,Resolved,
CS-2025-00148,2025-10-30,2025-11-09,C10021,Fees,Customer upset; follow-up requested.,Secure Message,P005,,Resolved,
CS-2026-00149,2026-06-25,2026-07-17,C10209,Account Servicing,Customer expressed dissatisfaction with account servicing. Representative attempted to resolve the issue during the interaction.,Phone,P006,B008,Resolved,
CS-2025-00150,2025-04-13,2025-04-30,C10326,Employee / Service,Customer described dissatisfaction with an employee interaction or service experience. Representative documented the issue for follow-up.,Secure Message,P003,,Resolved,
CS-2025-00151,2025-08-26,2025-09-11,C10248,Account Servicing,Customer expressed dissatisfaction with account servicing. Additional notes were entered for review.,Phone,P007,,Resolved,
CS-2025-00152,2025-11-09,2025-11-17,C10567,Other,Customer described a concern that did not clearly fit an available category. Additional notes were entered for review.,Email,P007,B001,Resolved,
CS-2025-00153,2025-04-20,2025-04-23,C10309,Other,Customer described a concern that did not clearly fit an available category. Customer provided additional context about the experience.,Other Department Referral,P003,,Resolved,
CS-2026-00154,2026-03-29,2026-04-18,C10336,Online & Mobile Banking,Customer reported difficulty with online or mobile banking. Representative attempted to resolve the issue during the interaction.,Secure Message,P006,,Resolved,
CS-2025-00155,2025-01-01,,C10435,Account Servicing,Customer expressed dissatisfaction with account servicing. Representative documented the issue for follow-up.,Secure Message,P004,,Open,
CS-2025-00156,2025-03-15,2025-04-05,C10064,Fees,Customer disputed a fee and requested review. Additional notes were entered for review.,Phone,P003,B010,Resolved,
CS-2025-00157,2025-12-06,,C10149,Fees,Customer disputed a fee and requested review. Customer provided additional context about the experience.,Phone,P006,,Referred,Supervisor
CS-2025-00158,2025-04-01,2025-04-15,C10150,Online & Mobile Banking,Customer reported difficulty with online or mobile banking. Representative attempted to resolve the issue during the interaction.,Phone,P007,,Resolved,
CS-2025-00159,2025-08-02,2025-08-08,C10478,Employee / Service,Customer described dissatisfaction with an employee interaction or service experience. Representative documented the issue for follow-up.,Secure Message,P009,,Resolved,
CS-2025-00160,2025-03-15,2025-03-28,,Account Servicing,Customer expressed dissatisfaction with account servicing. Representative attempted to resolve the issue during the interaction.,Phone,P002,B010,Resolved,
CS-2025-00161,2025-10-30,2025-11-14,C10329,Fees,Customer disputed a fee and requested review. Additional notes were entered for review.,Other Department Referral,,B008,Resolved,
CS-2026-00162,2026-01-30,2026-02-21,C10075,Lending,Customer expressed dissatisfaction related to a lending product or process. Additional notes were entered for review.,Email,P001,B003,Resolved,
CS-2025-00163,2025-11-04,2025-11-04,C10325,Other,Customer described a concern that did not clearly fit an available category. Representative documented the issue for follow-up.,Secure Message,P004,B005,Resolved,
CS-2025-00164,2025-10-06,2025-10-23,C10101,Employee / Service,Customer described dissatisfaction with an employee interaction or service experience. Customer provided additional context about the experience.,Phone,,B010,Resolved,
CS-2025-00165,2025-10-17,2025-11-08,C10568,Fees ,Issue reviewed with customer.,Phone,P008,,Resolved,
CS-2026-00166,2026-04-15,2026-05-05,C10303,Online & Mobile Banking,Customer reported difficulty with online or mobile banking. Representative attempted to resolve the issue during the interaction.,Email,P008,,Resolved,
CS-2026-00167,2026-08-22,2026-09-05,C10453,Lending,Customer expressed dissatisfaction related to a lending product or process. Representative attempted to resolve the issue during the interaction.,Branch Referral,P010,B001,Resolved,
CS-2025-00168,2025-06-21,2025-06-29,C10389,Account servicing,Customer expressed dissatisfaction with account servicing. Customer provided additional context about the experience.,Branch Referral,P002,B009,Resolved,
CS-2026-00169,2026-06-07,2026-06-29,C10262,Cards,Customer reported a debit or credit card concern. Additional notes were entered for review.,Branch Referral,P001,B002,Resolved,
CS-2025-00170,2025-01-14,2025-02-02,C10544,Lending,Issue reviewed with customer.,Other Department Referral,P011,B009,Resolved,
CS-2025-00171,2025-01-31,2025-02-17,C10439,Employee / Service,Customer described dissatisfaction with an employee interaction or service experience. Representative attempted to resolve the issue during the interaction.,Secure Message,P010,B002,Resolved,
CS-2026-00172,2026-07-19,2026-08-03,C10005,Employee / Service,Issue reviewed with customer.,Branch Referral,P002,,Resolved,
CS-2025-00173,2025-01-20,2025-02-05,C10283,Cards,Customer reported a debit or credit card concern. Representative documented the issue for follow-up.,Branch Referral,P003,B002,Resolved,
CS-2025-00174,2025-01-15,2025-01-17,C10189,Fees,Customer disputed a fee and requested review. Additional notes were entered for review.,Phone,P001,,Resolved,
CS-2025-00175,2025-12-24,2025-12-28,C10084,Account Servicing,Customer expressed dissatisfaction with account servicing. Additional notes were entered for review.,Secure Message,P001,B004,Resolved,
CS-2025-00176,2025-02-13,2025-03-06,C10269,Fees,Customer disputed a fee and requested review. Representative documented the issue for follow-up.,Branch Referral,,B005,Resolved,
CS-2025-00177,2025-04-16,2025-04-27,C10306,Lending,Customer expressed dissatisfaction related to a lending product or process. Representative documented the issue for follow-up.,Secure Message,P006,B009,Resolved,
CS-2025-00178,2025-01-14,,C10208,Lending,Customer expressed dissatisfaction related to a lending product or process. Customer provided additional context about the experience.,Email,P009,,Open,
CS-2025-00179,2025-08-01,2025-08-08,C10421,Online & Mobile Banking,Customer reported difficulty with online or mobile banking. Customer provided additional context about the experience.,Phone,P011,,Resolved,
CS-2025-00180,2025-11-16,2025-11-22,C10270,Fees,Customer disputed a fee and requested review. Additional notes were entered for review.,Other Department Referral,P002,,Resolved,
CS-2025-00181,2025-07-11,2025-07-14,C10054,Lending,Customer expressed dissatisfaction related to a lending product or process. Customer provided additional context about the experience.,Phone,,,Resolved,
CS-2026-00182,2026-01-27,,C10533,Account Servicing,Customer expressed dissatisfaction with account servicing. Additional notes were entered for review.,Phone,P001,,Open,
CS-2026-00183,2026-08-01,2026-08-08,C10102,Fees,Customer disputed a fee and requested review. Representative documented the issue for follow-up.,Branch Referral,,B007,Resolved,
CS-2026-00184,2026-08-27,2026-09-09,C10485,Other,Issue reviewed with customer.,Phone,P005,,Resolved,
CS-2025-00185,2025-04-21,2025-04-21,C10306,Lending,Customer expressed dissatisfaction related to a lending product or process. Customer provided additional context about the experience.,Phone,P003,B006,Resolved,
CS-2025-00186,2025-07-13,2025-07-20,C10330,Cards,Customer reported a debit or credit card concern. Representative attempted to resolve the issue during the interaction.,Phone,P001,,Resolved,
CS-2025-00187,2025-12-15,2026-01-05,C10356,Other,Customer described a concern that did not clearly fit an available category. Additional notes were entered for review.,Secure Message,P005,,Resolved,
CS-2025-00188,2025-02-12,2025-02-18,C10361,Fees,Customer called about concern.,Secure Message,P010,,Resolved,
CS-2026-00189,2026-05-27,2026-06-03,C10511,Online & Mobile Banking,Customer reported difficulty with online or mobile banking. Representative documented the issue for follow-up.,Other Department Referral,P005,,Resolved,
CS-2025-00190,2025-02-07,,C10091,Account Servicing,Customer expressed dissatisfaction with account servicing. Additional notes were entered for review.,Phone,P009,,Open,
CS-2025-00191,2025-02-11,2025-03-02,C10040,Account Servicing,Customer expressed dissatisfaction with account servicing. Customer provided additional context about the experience.,Phone,P003,,Resolved,
CS-2026-00192,2026-01-17,2026-01-31,C10212,Account Servicing,Customer expressed dissatisfaction with account servicing. Additional notes were entered for review.,Email,P002,,Resolved,
CS-2026-00193,2026-01-06,2026-01-24,C10358,Employee / Service,Customer described dissatisfaction with an employee interaction or service experience. Representative attempted to resolve the issue during the interaction.,Secure Message,P003,,Resolved,
CS-2025-00194,2025-07-18,2025-08-09,C10022,Employee / Service,Customer described dissatisfaction with an employee interaction or service experience. Representative attempted to resolve the issue during the interaction.,Phone,P006,,Resolved,
CS-2026-00195,2026-01-12,2026-01-26,C10093,Lending,Customer expressed dissatisfaction related to a lending product or process. Customer provided additional context about the experience.,Secure Message,P004,,Resolved,
CS-2025-00196,2025-04-11,2025-04-13,C10416,Online & Mobile Banking,Customer reported difficulty with online or mobile banking. Additional notes were entered for review.,Secure Message,P010,,Resolved,
CS-2026-00197,2026-03-14,,C10460,Lending,Customer expressed dissatisfaction related to a lending product or process. Representative attempted to resolve the issue during the interaction.,Secure Message,P003,,Open,
CS-2026-00198,2026-05-25,2026-06-15,C10033,Fees,Customer disputed a fee and requested review. Representative documented the issue for follow-up.,Phone,P005,,Resolved,
CS-2026-00199,2026-05-01,2026-05-04,C10088,Online & Mobile Banking,Customer reported difficulty with online or mobile banking. Representative attempted to resolve the issue during the interaction.,Email,P009,,Resolved,
CS-2026-00200,2026-06-13,2026-07-05,C10183,Other,Customer described a concern that did not clearly fit an available category. Representative documented the issue for follow-up.,Secure Message,,B008,Resolved,
CS-2026-00201,2026-01-17,2026-02-06,C10318,Fees,Customer disputed a fee and requested review. Customer provided additional context about the experience.,Phone,P001,,Resolved,
CS-2025-00202,2025-06-27,,C10210,fees,Customer disputed a fee and requested review. Customer provided additional context about the experience.,Phone,P001,B003,Open,
CS-2025-00203,2025-01-31,2025-02-14,C10071,Online & Mobile Banking,Customer reported difficulty with online or mobile banking. Representative attempted to resolve the issue during the interaction.,Phone,P001,,Resolved,
CS-2026-00204,2026-01-06,2026-01-13,C10597,Account Servicing,Customer expressed dissatisfaction with account servicing. Additional notes were entered for review.,Secure Message,P011,,Resolved,
CS-2026-00205,2026-04-12,2026-04-30,C10149,Account Servicing,Customer expressed dissatisfaction with account servicing. Customer provided additional context about the experience.,Other Department Referral,P007,,Resolved,
CS-2026-00206,2026-07-28,2026-08-06,C10559,Fees,Customer disputed a fee and requested review. Representative attempted to resolve the issue during the interaction.,Other Department Referral,P006,,Resolved,
CS-2025-00207,2025-03-17,,C10371,Online & Mobile Banking,Customer reported difficulty with online or mobile banking. Representative attempted to resolve the issue during the interaction.,Secure Message,P006,,Open,
CS-2025-00208,2025-10-29,2025-11-10,C10396,Fees,Customer disputed a fee and requested review. Customer provided additional context about the experience.,Phone,P001,,Resolved,
CS-2026-00209,2026-07-04,2026-07-13,C10153,Online & Mobile Banking,Customer reported difficulty with online or mobile banking. Additional notes were entered for review.,Branch Referral,P011,B008,Resolved,
CS-2025-00210,2025-09-29,2025-10-06,C10544,Cards,Customer reported a debit or credit card concern. Customer provided additional context about the experience.,Secure Message,P009,,Resolved,
CS-2026-00211,2026-05-27,2026-06-01,C10040,Employee / Service,Customer described dissatisfaction with an employee interaction or service experience. Representative documented the issue for follow-up.,Secure Message,P007,,Resolved,
CS-2025-00212,2025-09-12,2025-10-02,C10465,Employee/Service,Customer described dissatisfaction with an employee interaction or service experience. Representative documented the issue for follow-up.,Phone,P003,,Resolved,
CS-2025-00213,2025-08-25,,C10226,Fees,Customer disputed a fee and requested review. Representative attempted to resolve the issue during the interaction.,Secure Message,P001,B009,Open,
CS-2025-00214,2025-08-10,,C10166,Account Servicing,Issue reviewed with customer.,Phone,P010,,Open,
CS-2025-00215,2025-03-14,,C10451,Other,Issue reviewed with customer.,Phone,P009,,Referred,Other Department
CS-2025-00216,2025-02-09,2025-02-27,C10486,Online & Mobile Banking,Customer reported difficulty with online or mobile banking. Representative attempted to resolve the issue during the interaction.,Email,P007,,Resolved,
CS-2025-00217,2025-12-30,2026-01-14,C10058,Fees,Customer disputed a fee and requested review. Representative attempted to resolve the issue during the interaction.,Branch Referral,P010,B001,Resolved,
CS-2025-00218,2025-03-31,2025-03-31,C10437,Employee / Service,Customer described dissatisfaction with an employee interaction or service experience. Customer provided additional context about the experience.,Other Department Referral,,,Resolved,
CS-2025-00219,2025-10-01,,C10220,Other,Issue reviewed with customer.,Secure Message,P006,,Open,
CS-2026-00220,2026-05-16,2026-05-18,C10080,Account Servicing,Customer expressed dissatisfaction with account servicing. Representative documented the issue for follow-up.,Email,P002,,Resolved,
CS-2026-00221,2026-06-20,2026-06-23,C10336,Lending,Customer expressed dissatisfaction related to a lending product or process. Representative documented the issue for follow-up.,Secure Message,P010,,Resolved,
CS-2026-00222,2026-08-26,,C10035,Cards,Customer reported a debit or credit card concern. Representative documented the issue for follow-up.,Phone,P004,,Referred,Other Department
CS-2025-00223,2025-10-04,2025-10-05,C10296,Employee / Service,Customer described dissatisfaction with an employee interaction or service experience. Customer provided additional context about the experience.,Other Department Referral,P006,,Resolved,
CS-2025-00224,2025-08-02,2025-08-17,C10321,Account Servicing,Customer expressed dissatisfaction with account servicing. Representative documented the issue for follow-up.,Phone,P008,,Resolved,
CS-2026-00225,2026-06-26,2026-06-26,C10285,Online & Mobile Banking,Customer reported difficulty with online or mobile banking. Representative attempted to resolve the issue during the interaction.,Phone,P006,,Resolved,
CS-2026-00226,2026-05-18,2026-05-28,C10325,Fees,Customer called about concern.,Secure Message,P003,,Resolved,
CS-2025-00227,2025-08-19,2025-08-20,C10400,Lending,Customer expressed dissatisfaction related to a lending product or process. Representative documented the issue for follow-up.,Other Department Referral,P001,,Resolved,
CS-2025-00228,2025-05-27,2025-06-17,C10043,Online & Mobile Banking,Customer reported difficulty with online or mobile banking. Representative documented the issue for follow-up.,Secure Message,P010,B001,Resolved,
CS-2026-00229,2026-04-23,2026-04-23,C10566,Employee / Service,Customer described dissatisfaction with an employee interaction or service experience. Customer provided additional context about the experience.,Other Department Referral,P008,,Resolved,
CS-2026-00230,2026-07-07,2026-07-12,C10453,Online & Mobile Banking,Customer reported difficulty with online or mobile banking. Customer provided additional context about the experience.,Phone,P001,,Resolved,
CS-2026-00231,2026-05-13,2026-05-17,C10152,Loans,Customer expressed dissatisfaction related to a lending product or process. Additional notes were entered for review.,Branch Referral,P008,B001,Resolved,
CS-2026-00232,2026-07-06,2026-07-18,C10155,Account Servicing,Customer expressed dissatisfaction with account servicing. Customer provided additional context about the experience.,Phone,P001,,Resolved,
CS-2025-00233,2025-12-13,2025-12-25,C10237,Fees,Customer called about concern.,Phone,P004,,Resolved,
CS-2026-00234,2026-07-16,2026-08-07,C10094,Other,Customer described a concern that did not clearly fit an available category. Representative attempted to resolve the issue during the interaction.,Phone,P001,B003,Resolved,
CS-2026-00235,2026-01-15,2026-01-15,C10006,Cards,Issue reviewed with customer.,Phone,P010,,Resolved,
CS-2025-00236,2025-05-31,2025-05-31,C10476,Online & Mobile Banking,Customer reported difficulty with online or mobile banking. Additional notes were entered for review.,Other Department Referral,P001,,Resolved,
CS-2025-00237,2025-10-30,2025-11-09,C10510,Cards,Customer reported a debit or credit card concern. Additional notes were entered for review.,Secure Message,,,Resolved,
CS-2025-00238,2025-08-02,2025-08-08,C10122,Fees,Customer disputed a fee and requested review. Additional notes were entered for review.,Branch Referral,,,Resolved,
CS-2025-00239,2025-08-11,2025-08-13,C10180,Account Servicing,Customer upset; follow-up requested.,Secure Message,P006,B002,Resolved,
CS-2025-00240,2025-11-01,2025-11-18,C10098,Employee / Service,Issue reviewed with customer.,Branch Referral,P008,B003,Resolved,
CS-2026-00241,2026-07-25,2026-08-13,C10517,Account Servicing,Customer expressed dissatisfaction with account servicing. Representative documented the issue for follow-up.,Secure Message,P010,,Resolved,
CS-2026-00242,2026-06-08,2026-06-30,C10129,Cards,Customer reported a debit or credit card concern. Additional notes were entered for review.,Secure Message,P007,B010,Resolved,
CS-2025-00243,2025-03-21,2025-03-25,C10509,Lending,Customer expressed dissatisfaction related to a lending product or process. Customer provided additional context about the experience.,Other Department Referral,P004,B005,Resolved,
CS-2026-00244,2026-04-23,2026-04-26,C10526,Lending,Customer expressed dissatisfaction related to a lending product or process. Customer provided additional context about the experience.,Phone,P011,,Resolved,
CS-2025-00245,2025-12-13,2025-12-25,C10017,Other,Customer described a concern that did not clearly fit an available category. Additional notes were entered for review.,Secure Message,,,Resolved,
CS-2026-00246,2026-08-26,2026-09-12,C10585,Online & Mobile Banking,Customer reported difficulty with online or mobile banking. Customer provided additional context about the experience.,Phone,P001,,Resolved,
CS-2025-00247,2025-01-16,,C10548,Cards,Customer reported a debit or credit card concern. Additional notes were entered for review.,Other Department Referral,P005,,Open,
CS-2026-00248,2026-07-12,2026-07-20,C10566,Other,Customer described a concern that did not clearly fit an available category. Additional notes were entered for review.,Phone,P011,,Resolved,
CS-2025-00249,2025-07-09,2025-07-17,C10323,Fees,Customer disputed a fee and requested review. Representative documented the issue for follow-up.,Secure Message,P006,B007,Resolved,
CS-2025-00250,2025-02-16,,C10045,Employee / Service,Customer described dissatisfaction with an employee interaction or service experience. Representative attempted to resolve the issue during the interaction.,Secure Message,P003,,Open,
CS-2026-00251,2026-03-15,2026-04-04,C10499,Online & Mobile Banking,Customer upset; follow-up requested.,Phone,P011,B008,Resolved,
CS-2025-00252,2025-07-11,2025-07-19,C10041,Cards,Customer reported a debit or credit card concern. Representative documented the issue for follow-up.,Phone,P005,,Resolved,
CS-2026-00253,2026-08-03,2026-08-18,C10297,Online & Mobile Banking,Customer reported difficulty with online or mobile banking. Representative attempted to resolve the issue during the interaction.,Phone,P007,,Resolved,
CS-2025-00254,2025-03-08,2025-03-20,C10183,Account Servicing,Customer expressed dissatisfaction with account servicing. Additional notes were entered for review.,Email,P011,B007,Resolved,
CS-2026-00255,2026-06-16,2026-06-23,C10040,Cards,Customer reported a debit or credit card concern. Representative documented the issue for follow-up.,Secure Message,P011,B007,Resolved,
CS-2026-00256,2026-05-20,2026-05-30,C10385,Other,Customer described a concern that did not clearly fit an available category. Representative documented the issue for follow-up.,Email,P011,,Resolved,
CS-2025-00257,2025-11-25,2025-12-08,C10144,Account Servicing,Customer expressed dissatisfaction with account servicing. Representative attempted to resolve the issue during the interaction.,Secure Message,P010,,Resolved,
CS-2026-00258,2026-06-07,2026-06-09,C10311,Account Servicing,Customer upset; follow-up requested.,Phone,,,Resolved,
CS-2025-00259,2025-05-09,2025-05-10,C10126,Lending,Customer expressed dissatisfaction related to a lending product or process. Customer provided additional context about the experience.,Email,P001,,Resolved,
CS-2025-00260,2025-02-03,2025-02-17,C10404,Cards,Customer reported a debit or credit card concern. Customer provided additional context about the experience.,Phone,P004,B003,Resolved,
CS-2025-00261,2025-04-21,2025-04-26,C10163,Lending,Customer expressed dissatisfaction related to a lending product or process. Representative attempted to resolve the issue during the interaction.,Phone,P003,B005,Resolved,
CS-2026-00262,2026-08-03,2026-08-20,C10052,Account Servicing,Customer expressed dissatisfaction with account servicing. Representative documented the issue for follow-up.,Phone,P003,,Resolved,
CS-2025-00263,2025-04-20,2025-04-21,C10589,Other,Customer described a concern that did not clearly fit an available category. Representative attempted to resolve the issue during the interaction.,Phone,P003,,Resolved,
CS-2025-00264,2025-10-16,2025-10-28,C10053,Account Servicing,Customer expressed dissatisfaction with account servicing. Representative attempted to resolve the issue during the interaction.,Other Department Referral,P011,,Resolved,
CS-2026-00265,2026-03-16,2026-03-26,C10515,Fees,Customer disputed a fee and requested review. Additional notes were entered for review.,Other Department Referral,P004,,Resolved,
CS-2025-00266,2025-03-01,2025-03-02,C10467,Fees,Customer disputed a fee and requested review. Additional notes were entered for review.,Branch Referral,P002,,Resolved,
CS-2026-00267,2026-03-09,,C10433,Employee / Service,Issue reviewed with customer.,Phone,P007,B001,Referred,Supervisor
CS-2025-00268,2025-09-21,2025-09-30,C10080,Fees,Customer disputed a fee and requested review. Representative attempted to resolve the issue during the interaction.,Branch Referral,P005,,Resolved,
CS-2026-00269,2026-01-15,,C10250,Lending,Customer called about concern.,Phone,P005,,Referred,Compliance
CS-2025-00270,2025-04-24,2025-05-15,C10291,Fees,Customer disputed a fee and requested review. Representative attempted to resolve the issue during the interaction.,Phone,P001,B002,Resolved,
CS-2025-00271,2025-12-30,2026-01-08,C10276,Online & Mobile Banking,Customer reported difficulty with online or mobile banking. Representative documented the issue for follow-up.,Phone,P008,,Resolved,
CS-2026-00272,2026-05-27,,C10097,Employee / Service,Customer called about concern.,Phone,P010,B003,Open,
CS-2026-00273,2026-08-03,,C10401,Account Servicing,Customer expressed dissatisfaction with account servicing. Representative attempted to resolve the issue during the interaction.,Secure Message,P005,,Open,
CS-2025-00274,2025-11-06,2025-11-16,C10499,Cards,Issue reviewed with customer.,Phone,P006,,Resolved,
CS-2026-00275,2026-08-30,2026-09-04,C10306,Fees,Customer disputed a fee and requested review. Representative attempted to resolve the issue during the interaction.,Other Department Referral,P009,,Resolved,
CS-2025-00276,2025-11-20,2025-11-30,C10111,Fees,Customer disputed a fee and requested review. Representative attempted to resolve the issue during the interaction.,Phone,P003,,Resolved,
CS-2025-00277,2025-05-11,2025-05-14,C10120,Fees,Customer disputed a fee and requested review. Representative documented the issue for follow-up.,Email,P001,,Resolved,
CS-2025-00278,2025-06-13,2025-06-15,C10043,Fees,Customer disputed a fee and requested review. Additional notes were entered for review.,Phone,P004,,Resolved,
CS-2026-00279,2026-01-05,2026-01-26,C10379,Other,Issue reviewed with customer.,Secure Message,P010,,Resolved,
CS-2025-00280,2025-07-19,,C10453,Online & Mobile Banking,Customer reported difficulty with online or mobile banking. Customer provided additional context about the experience.,Phone,P009,B003,Open,
CS-2025-00281,2025-04-12,,C10016,Cards,Customer reported a debit or credit card concern. Representative documented the issue for follow-up.,Phone,,,Referred,Other Department
CS-2026-00282,2026-04-04,2026-04-09,C10167,Other,Customer described a concern that did not clearly fit an available category. Representative documented the issue for follow-up.,Email,P004,B007,Resolved,
CS-2025-00283,2025-03-25,2025-03-30,C10120,Online & Mobile Banking,Customer reported difficulty with online or mobile banking. Representative documented the issue for follow-up.,Phone,P005,,Resolved,
CS-2026-00284,2026-07-30,2026-08-16,C10119,Online & Mobile Banking,Customer reported difficulty with online or mobile banking. Representative documented the issue for follow-up.,Phone,P005,B004,Resolved,
CS-2026-00285,2026-04-17,2026-05-05,C10108,Other,Customer described a concern that did not clearly fit an available category. Representative attempted to resolve the issue during the interaction.,Branch Referral,P006,B008,Resolved,
CS-2026-00286,2026-01-15,,C10372,Lending,Customer expressed dissatisfaction related to a lending product or process. Representative documented the issue for follow-up.,Secure Message,P003,,Open,
CS-2025-00287,2025-08-21,2025-08-26,C10164,Lending,Customer expressed dissatisfaction related to a lending product or process. Representative documented the issue for follow-up.,Secure Message,P007,,Resolved,
CS-2026-00288,2026-08-20,,C10012,Online & Mobile Banking,Customer reported difficulty with online or mobile banking. Customer provided additional context about the experience.,Phone,P001,B008,Referred,Other Department
CS-2025-00289,2025-08-31,,C10149,Account Servicing,Customer expressed dissatisfaction with account servicing. Customer provided additional context about the experience.,Phone,P005,B003,Open,
CS-2025-00290,2025-05-25,2025-06-07,C10446,Other,Customer described a concern that did not clearly fit an available category. Customer provided additional context about the experience.,Email,P011,B007,Resolved,
CS-2025-00291,2025-12-08,2025-12-09,C10009,Fees,Customer disputed a fee and requested review. Representative documented the issue for follow-up.,Phone,P010,B007,Resolved,
CS-2025-00292,2025-01-14,2025-01-18,C10462,Account Servicing,Customer expressed dissatisfaction with account servicing. Customer provided additional context about the experience.,Other Department Referral,P011,,Resolved,
CS-2026-00293,2026-03-10,,C10212,Other,Customer described a concern that did not clearly fit an available category. Additional notes were entered for review.,Secure Message,P006,,Referred,Compliance
CS-2025-00294,2025-10-29,2025-10-29,C10145,Employee / Service,Customer described dissatisfaction with an employee interaction or service experience. Representative documented the issue for follow-up.,Secure Message,,,Resolved,
CS-2025-00295,2025-08-05,2025-08-16,C10584,Account Servicing,Customer expressed dissatisfaction with account servicing. Additional notes were entered for review.,Phone,P001,,Resolved,
CS-2025-00296,2025-07-16,2025-07-17,C10461,Employee / Service,Customer described dissatisfaction with an employee interaction or service experience. Representative documented the issue for follow-up.,Phone,,B008,Resolved,
CS-2026-00297,2026-04-16,2026-05-01,C10061,Lending,Customer upset; follow-up requested.,Phone,P005,,Resolved,
CS-2025-00298,2025-04-02,2025-04-14,C10414,Fees,Customer disputed a fee and requested review. Customer provided additional context about the experience.,Phone,P006,,Resolved,
CS-2025-00299,2025-06-21,2025-06-28,C10551,Fees,Customer disputed a fee and requested review. Additional notes were entered for review.,Secure Message,P006,,Resolved,
CS-2026-00300,2026-05-13,2026-05-25,C10180,Employee / Service,Customer described dissatisfaction with an employee interaction or service experience. Representative attempted to resolve the issue during the interaction.,Phone,P009,,Resolved,
CS-2025-00301,2025-07-15,2025-07-19,C10309,Cards,Customer reported a debit or credit card concern. Additional notes were entered for review.,Secure Message,P007,B008,Resolved,
CS-2026-00302,2026-05-31,2026-06-20,C10424,Other,Customer described a concern that did not clearly fit an available category. Representative attempted to resolve the issue during the interaction.,Phone,P005,,Resolved,
CS-2026-00303,2026-05-18,2026-05-30,C10275,Account Servicing,Customer expressed dissatisfaction with account servicing. Additional notes were entered for review.,Phone,P011,,Resolved,
CS-2025-00304,2025-10-07,2025-10-18,C10126,Employee / Service,Customer described dissatisfaction with an employee interaction or service experience. Representative attempted to resolve the issue during the interaction.,Secure Message,,B008,Resolved,
CS-2025-00305,2025-02-05,2025-02-07,C10444,Account Servicing,Issue reviewed with customer.,Secure Message,P003,,Resolved,
CS-2025-00306,2025-10-31,,C10432,Fees,Customer disputed a fee and requested review. Representative documented the issue for follow-up.,Secure Message,P011,,Open,
CS-2025-00307,2025-10-09,,C10263,Account Servicing,Issue reviewed with customer.,Email,P001,,Open,
CS-2025-00308,2025-11-22,2025-12-12,C10519,Employee / Service,Customer described dissatisfaction with an employee interaction or service experience. Customer provided additional context about the experience.,Phone,P005,B006,Resolved,
CS-2025-00309,2025-04-01,2025-04-23,C10558,Cards,Customer reported a debit or credit card concern. Additional notes were entered for review.,Phone,P001,,Resolved,
CS-2026-00310,2026-06-09,2026-06-27,C10384,Cards,Customer reported a debit or credit card concern. Customer provided additional context about the experience.,Branch Referral,P011,,Resolved,
CS-2025-00311,2025-10-23,2025-10-31,C10514,fees,Customer disputed a fee and requested review. Representative documented the issue for follow-up.,Secure Message,,,Resolved,
CS-2025-00312,2025-04-17,2025-04-28,C10024,Account Servicing,Customer called about concern.,Other Department Referral,P011,,Resolved,
CS-2025-00313,2025-07-05,2025-07-09,C10536,Fees,Customer disputed a fee and requested review. Representative documented the issue for follow-up.,Email,P002,,Resolved,
CS-2025-00314,2025-08-01,2025-08-10,C10240,Lending,Customer expressed dissatisfaction related to a lending product or process. Representative attempted to resolve the issue during the interaction.,Other Department Referral,P003,,Resolved,
CS-2025-00315,2025-08-07,2025-08-26,C10488,Fees ,Customer disputed a fee and requested review. Representative documented the issue for follow-up.,Secure Message,P011,,Resolved,
CS-2026-00316,2026-01-17,2026-02-06,C10154,Cards,Customer reported a debit or credit card concern. Customer provided additional context about the experience.,Phone,P002,,Resolved,
CS-2026-00317,2026-04-11,2026-04-30,C10192,Fees,Issue reviewed with customer.,Secure Message,P010,,Resolved,
CS-2025-00318,2025-10-04,2025-10-09,C10398,Account Servicing,Customer expressed dissatisfaction with account servicing. Representative documented the issue for follow-up.,Phone,P010,,Resolved,
CS-2026-00319,2026-01-18,2026-01-20,C10470,Online & Mobile Banking,Customer reported difficulty with online or mobile banking. Representative documented the issue for follow-up.,Phone,P003,,Resolved,
CS-2026-00320,2026-03-05,,C10092,Cards,Customer reported a debit or credit card concern. Additional notes were entered for review.,Phone,P007,,Referred,Supervisor
CS-2026-00321,2026-07-19,2026-07-24,C10437,Account Servicing,Customer expressed dissatisfaction with account servicing. Additional notes were entered for review.,Branch Referral,P007,,Resolved,
CS-2026-00322,2026-05-26,2026-06-09,C10076,Cards,Customer reported a debit or credit card concern. Representative documented the issue for follow-up.,Phone,P004,,Resolved,
CS-2026-00323,2026-07-21,2026-08-10,C10069,Online & Mobile Banking,Customer reported difficulty with online or mobile banking. Additional notes were entered for review.,Secure Message,P006,,Resolved,
CS-2025-00324,2025-09-16,2025-09-30,C10265,Online & Mobile Banking,Customer reported difficulty with online or mobile banking. Additional notes were entered for review.,Phone,P004,B007,Resolved,
CS-2026-00325,2026-01-27,,C10596,Account servicing,Customer upset; follow-up requested.,Other Department Referral,P002,,Referred,Supervisor
CS-2025-00326,2025-10-30,2025-11-15,C10349,Lending,Customer expressed dissatisfaction related to a lending product or process. Representative attempted to resolve the issue during the interaction.,Phone,,,Resolved,
CS-2025-00327,2025-06-12,2025-07-03,C10104,Online & Mobile Banking,Customer upset; follow-up requested.,Phone,P005,,Resolved,
CS-2026-00328,2026-03-02,2026-03-06,C10283,Lending,Customer expressed dissatisfaction related to a lending product or process. Representative documented the issue for follow-up.,Other Department Referral,P011,,Resolved,
CS-2025-00329,2025-08-27,2025-09-13,C10537,Cards,Customer reported a debit or credit card concern. Representative attempted to resolve the issue during the interaction.,Secure Message,P008,B006,Resolved,
CS-2025-00330,2025-06-15,2025-06-25,C10398,Online & Mobile Banking,Customer reported difficulty with online or mobile banking. Additional notes were entered for review.,Phone,P002,,Resolved,
CS-2026-00331,2026-06-03,2026-06-05,C10493,Lending,Issue reviewed with customer.,Email,P007,,Resolved,
CS-2025-00332,2025-04-10,2025-04-25,C10265,Online & Mobile Banking,Customer reported difficulty with online or mobile banking. Additional notes were entered for review.,Phone,P003,,Resolved,
CS-2025-00333,2025-04-06,2025-04-23,C10514,Fees,Customer disputed a fee and requested review. Representative documented the issue for follow-up.,Branch Referral,,B003,Resolved,
CS-2025-00334,2025-02-09,2025-02-14,C10308,Employee / Service,Customer described dissatisfaction with an employee interaction or service experience. Additional notes were entered for review.,Secure Message,P004,,Resolved,
CS-2025-00335,2025-08-02,,C10147,Fees,Customer disputed a fee and requested review. Customer provided additional context about the experience.,Branch Referral,P005,B009,Open,
CS-2026-00336,2026-03-19,2026-03-22,C10069,Account Servicing,Customer called about concern.,Phone,P001,B003,Resolved,
CS-2025-00337,2025-07-28,2025-08-02,C10183,Account Servicing,Customer expressed dissatisfaction with account servicing. Customer provided additional context about the experience.,Secure Message,P009,,Resolved,
CS-2025-00338,2025-09-01,2025-09-04,C10422,Cards,Customer reported a debit or credit card concern. Additional notes were entered for review.,Phone,P009,,Resolved,
CS-2025-00339,2025-11-25,2025-12-09,C10491,Account Servicing,Customer expressed dissatisfaction with account servicing. Customer provided additional context about the experience.,Phone,P009,,Resolved,
CS-2026-00340,2026-02-24,2026-02-24,C10236,Online & Mobile Banking,Customer reported difficulty with online or mobile banking. Customer provided additional context about the experience.,Phone,P006,,Resolved,
CS-2025-00341,2025-07-23,2025-07-23,C10108,Lending,Customer expressed dissatisfaction related to a lending product or process. Representative attempted to resolve the issue during the interaction.,Phone,P005,,Resolved,
CS-2025-00342,2025-02-14,,C10358,Employee / Service,Customer described dissatisfaction with an employee interaction or service experience. Representative documented the issue for follow-up.,Branch Referral,P008,B004,Open,
CS-2025-00343,2025-06-07,2025-06-10,C10080,Cards,Customer reported a debit or credit card concern. Representative documented the issue for follow-up.,Email,P004,,Resolved,
CS-2026-00344,2026-08-24,2026-08-27,C10339,Account Servicing,Customer expressed dissatisfaction with account servicing. Additional notes were entered for review.,Secure Message,P003,,Resolved,
CS-2026-00345,2026-08-28,2026-09-13,C10296,Fees,Customer disputed a fee and requested review. Representative attempted to resolve the issue during the interaction.,Email,P009,,Resolved,
CS-2025-00346,2025-05-27,,C10074,Other,Customer described a concern that did not clearly fit an available category. Additional notes were entered for review.,Secure Message,P007,,Open,
CS-2026-00347,2026-04-20,2026-04-20,C10477,Online & Mobile Banking,Customer called about concern.,Phone,P007,,Resolved,
CS-2026-00348,2026-05-24,2026-06-01,C10299,Fees,Customer disputed a fee and requested review. Additional notes were entered for review.,Branch Referral,,B005,Resolved,
CS-2025-00349,2025-03-29,2025-04-12,,Online & Mobile Banking,Customer called about concern.,Email,P008,,Resolved,
CS-2025-00350,2025-09-13,2025-09-18,C10582,Online & Mobile Banking,Customer reported difficulty with online or mobile banking. Representative attempted to resolve the issue during the interaction.,Phone,P009,,Resolved,
CS-2025-00351,2025-09-15,2025-10-01,C10289,Account Servicing,Customer called about concern.,Phone,P001,,Resolved,
CS-2025-00352,2025-09-22,2025-09-25,C10157,Fees,Customer disputed a fee and requested review. Representative attempted to resolve the issue during the interaction.,Phone,P008,B003,Resolved,
CS-2025-00353,2025-12-28,2026-01-03,C10569,Online & Mobile Banking,Customer reported difficulty with online or mobile banking. Representative documented the issue for follow-up.,Email,P003,,Resolved,
CS-2025-00354,2025-08-17,2025-09-01,C10350,Cards,Customer reported a debit or credit card concern. Additional notes were entered for review.,Email,P005,B002,Resolved,
CS-2026-00355,2026-06-12,2026-06-20,C10592,Fees,Customer disputed a fee and requested review. Customer provided additional context about the experience.,Phone,P010,,Resolved,
CS-2025-00356,2025-12-25,2025-12-28,C10580,Online & Mobile Banking,Customer reported difficulty with online or mobile banking. Customer provided additional context about the experience.,Branch Referral,P010,B005,Resolved,
CS-2025-00357,2025-10-18,2025-11-01,C10388,Lending,Customer expressed dissatisfaction related to a lending product or process. Customer provided additional context about the experience.,Phone,P009,,Resolved,
CS-2026-00358,2026-08-20,2026-09-04,C10005,Fees ,Customer disputed a fee and requested review. Customer provided additional context about the experience.,Phone,P005,B003,Resolved,
CS-2026-00359,2026-05-07,2026-05-29,C10109,Account Servicing,Customer expressed dissatisfaction with account servicing. Representative documented the issue for follow-up.,Phone,P002,,Resolved,
CS-2025-00360,2025-01-26,2025-02-16,C10426,Fees,Customer called about concern.,Phone,P006,,Resolved,
CS-2026-00361,2026-03-31,2026-04-07,C10375,Account Servicing,Customer called about concern.,Phone,P006,,Resolved,
CS-2025-00362,2025-08-19,2025-08-19,C10416,Account Servicing,Customer expressed dissatisfaction with account servicing. Customer provided additional context about the experience.,Phone,P003,,Resolved,
CS-2025-00363,2025-05-06,2025-05-15,C10233,Fees,Customer disputed a fee and requested review. Customer provided additional context about the experience.,Phone,P008,,Resolved,
CS-2025-00364,2025-06-21,2025-07-07,C10290,Fees,Customer disputed a fee and requested review. Representative attempted to resolve the issue during the interaction.,Phone,P001,,Resolved,
CS-2025-00365,2025-07-07,2025-07-16,C10458,Employee / Service,Customer described dissatisfaction with an employee interaction or service experience. Representative attempted to resolve the issue during the interaction.,Secure Message,,,Resolved,
CS-2025-00366,2025-03-25,2025-04-15,C10037,Employee / Service,Customer described dissatisfaction with an employee interaction or service experience. Representative documented the issue for follow-up.,Phone,P006,,Resolved,
CS-2026-00367,2026-01-23,2026-02-02,C10529,Employee / Service,Customer described dissatisfaction with an employee interaction or service experience. Additional notes were entered for review.,Phone,P011,B009,Resolved,
CS-2025-00368,2025-01-27,2025-02-05,C10392,Lending,Customer expressed dissatisfaction related to a lending product or process. Additional notes were entered for review.,Email,P011,,Resolved,
CS-2026-00369,2026-06-16,2026-07-01,C10281,Account Servicing,Customer expressed dissatisfaction with account servicing. Representative attempted to resolve the issue during the interaction.,Other Department Referral,P011,,Resolved,
CS-2025-00370,2025-09-12,2025-09-16,C10172,Employee / Service,Customer described dissatisfaction with an employee interaction or service experience. Representative documented the issue for follow-up.,Branch Referral,,B010,Resolved,
CS-2025-00371,2025-12-06,2025-12-23,C10181,Account Servicing,Customer called about concern.,Phone,P004,B004,Resolved,
CS-2025-00372,2025-07-13,2025-08-01,C10402,Other,Customer described a concern that did not clearly fit an available category. Representative attempted to resolve the issue during the interaction.,Branch Referral,P002,,Resolved,
CS-2025-00373,2025-02-17,,C10544,Employee / Service,Customer described dissatisfaction with an employee interaction or service experience. Customer provided additional context about the experience.,Phone,P009,,Open,
CS-2026-00374,2026-01-14,2026-01-16,C10049,Cards,Customer reported a debit or credit card concern. Customer provided additional context about the experience.,Secure Message,P009,B005,Resolved,
CS-2025-00375,2025-11-15,2025-11-30,C10080,Online & Mobile Banking,Customer reported difficulty with online or mobile banking. Customer provided additional context about the experience.,Phone,P009,,Resolved,
CS-2025-00376,2025-09-20,,C10454,Fees,Issue reviewed with customer.,Phone,P010,B002,Open,
CS-2026-00377,2026-04-23,,C10178,Cards,Customer upset; follow-up requested.,Secure Message,P003,,Open,
CS-2026-00378,2026-07-06,2026-07-09,C10204,Online & Mobile Banking,Customer reported difficulty with online or mobile banking. Additional notes were entered for review.,Phone,P007,,Resolved,
CS-2025-00379,2025-12-24,2026-01-11,C10052,Cards,Customer reported a debit or credit card concern. Customer provided additional context about the experience.,Branch Referral,P001,B004,Resolved,
CS-2026-00380,2026-05-31,2026-06-19,C10378,Account Servicing,Customer expressed dissatisfaction with account servicing. Representative documented the issue for follow-up.,Branch Referral,P007,,Resolved,
CS-2025-00381,2025-12-06,2025-12-16,C10367,Fees,Customer disputed a fee and requested review. Representative attempted to resolve the issue during the interaction.,Secure Message,P006,,Resolved,
CS-2025-00382,2025-06-19,2025-07-09,C10411,Fees,Customer disputed a fee and requested review. Representative attempted to resolve the issue during the interaction.,Phone,P006,,Resolved,
CS-2025-00383,2025-11-28,2025-12-09,C10325,Lending,Issue reviewed with customer.,Secure Message,P009,,Resolved,
CS-2025-00384,2025-06-13,2025-06-17,C10251,Cards,Customer reported a debit or credit card concern. Additional notes were entered for review.,Branch Referral,P008,B010,Resolved,
CS-2025-00385,2025-03-13,2025-03-31,C10585,Online & Mobile Banking,Issue reviewed with customer.,Phone,P009,,Resolved,
CS-2026-00386,2026-07-25,2026-07-31,C10336,Fees,Customer disputed a fee and requested review. Representative documented the issue for follow-up.,Phone,P003,B009,Resolved,
CS-2026-00387,2026-05-26,,C10109,Lending,Customer expressed dissatisfaction related to a lending product or process. Representative documented the issue for follow-up.,Secure Message,P005,,Open,
CS-2026-00388,2026-05-24,2026-06-02,C10270,Other,Issue reviewed with customer.,Secure Message,,,Resolved,
CS-2026-00389,2026-07-14,2026-08-05,C10468,Online & Mobile Banking,Customer called about concern.,Email,P011,B001,Resolved,
CS-2026-00390,2026-08-01,2026-08-08,C10569,Lending,Customer expressed dissatisfaction related to a lending product or process. Customer provided additional context about the experience.,Branch Referral,P010,B010,Resolved,
CS-2026-00391,2026-01-15,2026-01-18,C10173,Cards,Customer reported a debit or credit card concern. Representative attempted to resolve the issue during the interaction.,Branch Referral,P005,B003,Resolved,
CS-2026-00392,2026-01-29,2026-01-31,C10075,Cards,Customer reported a debit or credit card concern. Representative documented the issue for follow-up.,Email,P001,B008,Resolved,
CS-2025-00393,2025-03-03,2025-03-12,C10457,Employee / Service,Customer described dissatisfaction with an employee interaction or service experience. Representative documented the issue for follow-up.,Phone,P011,,Resolved,
CS-2025-00394,2025-01-23,2025-02-14,C10319,Account Servicing,Customer expressed dissatisfaction with account servicing. Representative attempted to resolve the issue during the interaction.,Phone,,B009,Resolved,
CS-2025-00395,2025-04-04,,C10006,Online & Mobile Banking,Customer reported difficulty with online or mobile banking. Representative documented the issue for follow-up.,Secure Message,P011,,Referred,Compliance
CS-2025-00396,2025-01-24,2025-02-01,C10356,Employee / Service,Customer described dissatisfaction with an employee interaction or service experience. Customer provided additional context about the experience.,Other Department Referral,P003,B004,Resolved,
CS-2025-00397,2025-07-03,2025-07-15,C10416,Employee / Service,Customer called about concern.,Phone,P003,,Resolved,
CS-2025-00398,2025-08-15,2025-08-18,C10191,Lending,Customer expressed dissatisfaction related to a lending product or process. Representative attempted to resolve the issue during the interaction.,Phone,P005,B005,Resolved,
CS-2026-00399,2026-06-11,2026-06-12,C10002,Employee / Service,Customer described dissatisfaction with an employee interaction or service experience. Additional notes were entered for review.,Secure Message,P011,,Resolved,
CS-2026-00400,2026-04-14,2026-04-16,C10018,Online & Mobile Banking,Customer reported difficulty with online or mobile banking. Representative attempted to resolve the issue during the interaction.,Phone,P004,B001,Resolved,
CS-2026-00401,2026-03-25,2026-03-27,C10380,Account Servicing,Customer expressed dissatisfaction with account servicing. Representative documented the issue for follow-up.,Phone,P008,,Resolved,
CS-2025-00402,2025-12-26,2025-12-30,C10002,Employee / Service,Customer described dissatisfaction with an employee interaction or service experience. Representative attempted to resolve the issue during the interaction.,Phone,P002,,Resolved,
CS-2025-00403,2025-11-05,2025-11-23,C10583,Cards,Customer reported a debit or credit card concern. Additional notes were entered for review.,Secure Message,P001,,Resolved,
CS-2025-00404,2025-01-27,2025-02-06,C10064,Online & Mobile Banking,Customer reported difficulty with online or mobile banking. Representative documented the issue for follow-up.,Phone,P002,,Resolved,
CS-2026-00405,2026-02-19,2026-03-05,C10488,Account Servicing,Customer expressed dissatisfaction with account servicing. Representative documented the issue for follow-up.,Secure Message,,,Resolved,
CS-2025-00406,2025-03-22,,C10536,Account Servicing,Customer expressed dissatisfaction with account servicing. Additional notes were entered for review.,Phone,P003,B004,Referred,Supervisor
CS-2026-00407,2026-02-01,2026-02-16,C10129,Account Servicing,Customer expressed dissatisfaction with account servicing. Representative attempted to resolve the issue during the interaction.,Secure Message,P007,,Resolved,
CS-2026-00408,2026-03-19,2026-03-31,C10063,Fees,Customer disputed a fee and requested review. Customer provided additional context about the experience.,Phone,P007,B008,Resolved,
CS-2025-00409,2025-10-14,2025-10-16,C10548,Fees,Customer disputed a fee and requested review. Additional notes were entered for review.,Secure Message,P003,,Resolved,
CS-2025-00410,2025-06-01,2025-06-03,C10019,Fees,Customer upset; follow-up requested.,Secure Message,,,Resolved,
CS-2026-00411,2026-06-17,2026-06-23,C10436,Online & Mobile Banking,Customer reported difficulty with online or mobile banking. Representative attempted to resolve the issue during the interaction.,Phone,P003,,Resolved,
CS-2026-00412,2026-02-07,2026-02-26,C10012,Cards,Customer reported a debit or credit card concern. Representative attempted to resolve the issue during the interaction.,Other Department Referral,P003,,Resolved,
CS-2025-00413,2025-07-07,2025-07-23,C10445,Online & Mobile Banking,Customer reported difficulty with online or mobile banking. Customer provided additional context about the experience.,Phone,P011,,Resolved,
CS-2026-00414,2026-08-30,2026-09-10,C10001,Account Servicing,Customer expressed dissatisfaction with account servicing. Additional notes were entered for review.,Branch Referral,P007,B007,Resolved,
CS-2025-00415,2025-05-04,2025-05-05,C10265,Employee / Service,Customer described dissatisfaction with an employee interaction or service experience. Customer provided additional context about the experience.,Phone,P009,B009,Resolved,
CS-2026-00416,2026-06-14,2026-06-21,C10397,Other,Customer described a concern that did not clearly fit an available category. Customer provided additional context about the experience.,Phone,,,Resolved,
CS-2026-00417,2026-06-26,,C10559,Fees,Customer upset; follow-up requested.,Phone,P003,,Referred,Other Department
CS-2026-00418,2026-05-03,,C10212,Cards,Customer reported a debit or credit card concern. Customer provided additional context about the experience.,Branch Referral,P009,,Open,
CS-2026-00419,2026-04-16,2026-04-22,C10023,Cards,Customer called about concern.,Branch Referral,P010,B005,Resolved,
CS-2025-00420,2025-03-27,2025-04-05,C10156,Fees,Issue reviewed with customer.,Secure Message,P008,,Resolved,
CS-2026-00421,2026-05-16,,C10543,Fees,Customer disputed a fee and requested review. Customer provided additional context about the experience.,Branch Referral,P008,B010,Referred,Other Department
CS-2025-00422,2025-11-23,2025-11-30,C10413,Fees,Customer disputed a fee and requested review. Customer provided additional context about the experience.,Secure Message,P010,B001,Resolved,
CS-2025-00423,2025-09-11,2025-09-25,C10200,Employee / Service,Customer described dissatisfaction with an employee interaction or service experience. Customer provided additional context about the experience.,Phone,P002,,Resolved,
CS-2025-00424,2025-01-22,2025-01-25,C10102,Cards,Customer reported a debit or credit card concern. Additional notes were entered for review.,Secure Message,P008,,Resolved,
CS-2025-00425,2025-04-29,2025-05-18,C10356,Fees,Customer disputed a fee and requested review. Representative documented the issue for follow-up.,Phone,,B009,Resolved,
CS-2026-00426,2026-05-31,2026-06-01,C10421,Online & Mobile Banking,Customer reported difficulty with online or mobile banking. Representative documented the issue for follow-up.,Secure Message,P010,,Resolved,
CS-2025-00427,2025-01-09,2025-01-22,C10291,Cards,Customer upset; follow-up requested.,Phone,P009,,Resolved,
CS-2025-00428,2025-05-05,2025-05-14,C10444,Account Servicing,Customer expressed dissatisfaction with account servicing. Representative attempted to resolve the issue during the interaction.,Phone,P007,,Resolved,
CS-2025-00429,2025-06-11,2025-06-17,C10202,Lending,Customer expressed dissatisfaction related to a lending product or process. Representative documented the issue for follow-up.,Secure Message,P011,,Resolved,
CS-2025-00430,2025-02-06,,C10043,Fees,Customer disputed a fee and requested review. Customer provided additional context about the experience.,Phone,P004,,Referred,Compliance
CS-2026-00431,2026-03-07,2026-03-21,C10232,Account Servicing,Customer expressed dissatisfaction with account servicing. Representative attempted to resolve the issue during the interaction.,Phone,P004,,Resolved,
CS-2025-00432,2025-10-12,2025-10-29,C10431,Other,Customer described a concern that did not clearly fit an available category. Additional notes were entered for review.,Phone,P011,,Resolved,
CS-2025-00433,2025-05-24,2025-06-06,C10226,Employee / Service,Customer described dissatisfaction with an employee interaction or service experience. Representative attempted to resolve the issue during the interaction.,Secure Message,P007,,Resolved,
CS-2026-00434,2026-06-06,2026-06-09,C10307,Employee / Service,Customer described dissatisfaction with an employee interaction or service experience. Additional notes were entered for review.,Phone,P001,,Resolved,
CS-2025-00435,2025-10-31,2025-11-06,C10511,Lending,Customer expressed dissatisfaction related to a lending product or process. Representative documented the issue for follow-up.,Other Department Referral,P002,,Resolved,
CS-2025-00436,2025-07-27,2025-07-30,C10120,Fees,Customer upset; follow-up requested.,Secure Message,P002,B001,Resolved,
CS-2026-00437,2026-02-28,2026-03-05,C10558,Account Servicing,Customer expressed dissatisfaction with account servicing. Representative documented the issue for follow-up.,Email,P011,,Resolved,
CS-2026-00438,2026-07-16,2026-08-02,,Other,Customer described a concern that did not clearly fit an available category. Additional notes were entered for review.,Branch Referral,,B003,Resolved,
CS-2026-00439,2026-05-25,2026-06-10,C10020,Account Servicing,Customer expressed dissatisfaction with account servicing. Customer provided additional context about the experience.,Phone,P007,,Resolved,
CS-2026-00440,2026-02-02,2026-02-10,,Cards,Customer reported a debit or credit card concern. Representative attempted to resolve the issue during the interaction.,Other Department Referral,P001,,Resolved,
CS-2026-00441,2026-06-28,,C10475,Fees,Customer disputed a fee and requested review. Additional notes were entered for review.,Email,P003,B005,Open,
CS-2025-00442,2025-03-01,2025-03-14,C10392,Cards,Customer reported a debit or credit card concern. Representative documented the issue for follow-up.,Secure Message,P011,,Resolved,
CS-2025-00443,2025-03-11,2025-03-14,C10490,Employee / Service,Customer described dissatisfaction with an employee interaction or service experience. Representative attempted to resolve the issue during the interaction.,Phone,P006,,Resolved,
CS-2025-00444,2025-08-01,2025-08-12,C10382,Account Servicing,Customer expressed dissatisfaction with account servicing. Customer provided additional context about the experience.,Branch Referral,P004,B003,Resolved,
CS-2025-00445,2025-03-06,2025-03-22,C10527,Lending,Customer expressed dissatisfaction related to a lending product or process. Customer provided additional context about the experience.,Phone,P003,,Resolved,
CS-2026-00446,2026-03-09,2026-03-12,C10119,Online & Mobile Banking,Customer reported difficulty with online or mobile banking. Representative documented the issue for follow-up.,Other Department Referral,P007,,Resolved,
CS-2025-00447,2025-11-02,2025-11-19,C10079,Cards,Customer upset; follow-up requested.,Secure Message,P005,,Resolved,
CS-2025-00448,2025-05-21,2025-05-31,C10268,Account Servicing,Customer expressed dissatisfaction with account servicing. Additional notes were entered for review.,Phone,P001,,Resolved,
CS-2025-00449,2025-01-20,2025-02-03,C10195,Cards,Customer reported a debit or credit card concern. Additional notes were entered for review.,Phone,P003,,Resolved,
CS-2025-00450,2025-06-05,2025-06-18,C10504,Account Servicing,Customer expressed dissatisfaction with account servicing. Representative attempted to resolve the issue during the interaction.,Phone,P006,,Resolved,
CS-2025-00451,2025-08-08,2025-08-20,C10420,Account Servicing,Customer expressed dissatisfaction with account servicing. Representative documented the issue for follow-up.,Branch Referral,P001,B004,Resolved,
CS-2026-00452,2026-01-05,2026-01-21,C10268,Lending,Customer expressed dissatisfaction related to a lending product or process. Representative documented the issue for follow-up.,Branch Referral,P004,B001,Resolved,
CS-2026-00453,2026-05-30,2026-06-18,C10153,Fees,Issue reviewed with customer.,Branch Referral,P005,B010,Resolved,
CS-2025-00454,2025-05-06,2025-05-13,C10412,Lending,Customer expressed dissatisfaction related to a lending product or process. Customer provided additional context about the experience.,Phone,P006,B003,Resolved,
CS-2026-00455,2026-07-21,2026-08-06,C10398,Cards,Customer called about concern.,Other Department Referral,P001,B005,Resolved,
CS-2025-00456,2025-09-09,2025-09-19,C10380,Fees,Customer called about concern.,Branch Referral,,,Resolved,
CS-2026-00457,2026-02-03,2026-02-15,C10344,Lending,Customer expressed dissatisfaction related to a lending product or process. Additional notes were entered for review.,Phone,,,Resolved,
CS-2026-00458,2026-05-06,2026-05-20,C10512,Online & Mobile Banking,Customer reported difficulty with online or mobile banking. Additional notes were entered for review.,Branch Referral,P001,B008,Resolved,
CS-2026-00459,2026-02-22,2026-03-14,C10390,Online & Mobile Banking,Customer reported difficulty with online or mobile banking. Additional notes were entered for review.,Email,P005,,Resolved,
CS-2026-00460,2026-01-25,,C10540,Employee / Service,Customer described dissatisfaction with an employee interaction or service experience. Additional notes were entered for review.,Email,P007,,Referred,Compliance
CS-2025-00461,2025-08-05,2025-08-12,C10553,Lending,Customer upset; follow-up requested.,Phone,P001,,Resolved,
CS-2026-00462,2026-01-05,2026-01-13,C10486,Employee / Service,Customer described dissatisfaction with an employee interaction or service experience. Representative attempted to resolve the issue during the interaction.,Phone,P009,,Resolved,
CS-2026-00463,2026-07-06,2026-07-06,C10565,Employee / Service,Customer upset; follow-up requested.,Phone,,,Resolved,
CS-2026-00464,2026-03-17,2026-03-31,C10462,Account Servicing,Customer expressed dissatisfaction with account servicing. Representative documented the issue for follow-up.,Email,,,Resolved,
CS-2025-00465,2025-05-24,2025-06-05,C10205,Fees,Issue reviewed with customer.,Branch Referral,P007,B005,Resolved,
CS-2026-00466,2026-03-04,2026-03-06,C10144,Lending,Customer expressed dissatisfaction related to a lending product or process. Representative attempted to resolve the issue during the interaction.,Secure Message,P010,,Resolved,
CS-2026-00467,2026-03-08,2026-03-10,C10166,Cards,Customer reported a debit or credit card concern. Customer provided additional context about the experience.,Secure Message,P002,B008,Resolved,
CS-2025-00468,2025-09-21,2025-09-22,C10386,Digital Banking,Customer upset; follow-up requested.,Phone,P005,,Resolved,
CS-2026-00469,2026-03-25,2026-03-27,C10082,Account Servicing,Customer called about concern.,Phone,P003,B009,Resolved,
CS-2026-00470,2026-05-20,,C10099,Lending,Issue reviewed with customer.,Phone,,,Referred,Compliance
CS-2026-00471,2026-03-25,,C10210,Fees,Customer disputed a fee and requested review. Representative documented the issue for follow-up.,Phone,P009,,Open,
CS-2025-00472,2025-08-16,2025-08-21,C10417,Account Servicing,Customer expressed dissatisfaction with account servicing. Representative documented the issue for follow-up.,Secure Message,P008,,Resolved,
CS-2026-00473,2026-02-22,,C10006,Account Servicing,Customer expressed dissatisfaction with account servicing. Representative documented the issue for follow-up.,Phone,P004,B004,Referred,Compliance
CS-2026-00474,2026-08-31,2026-09-05,C10132,Online & Mobile Banking,Customer reported difficulty with online or mobile banking. Representative documented the issue for follow-up.,Phone,P003,,Resolved,
CS-2026-00475,2026-06-23,2026-07-06,C10048,Online & Mobile Banking,Customer reported difficulty with online or mobile banking. Representative attempted to resolve the issue during the interaction.,Phone,,,Resolved,
CS-2026-00476,2026-01-18,2026-01-22,C10589,Other,Customer described a concern that did not clearly fit an available category. Representative attempted to resolve the issue during the interaction.,Email,P009,,Resolved,
CS-2025-00477,2025-08-16,2025-08-25,C10342,Cards,Customer reported a debit or credit card concern. Representative documented the issue for follow-up.,Phone,,B006,Resolved,
CS-2025-00478,2025-08-09,2025-08-15,C10416,Other,Customer described a concern that did not clearly fit an available category. Additional notes were entered for review.,Phone,P002,,Resolved,
CS-2026-00479,2026-05-12,2026-06-01,C10060,Account Servicing,Customer expressed dissatisfaction with account servicing. Customer provided additional context about the experience.,Secure Message,P002,B010,Resolved,
CS-2025-00480,2025-06-06,2025-06-28,C10236,Cards,Customer reported a debit or credit card concern. Representative documented the issue for follow-up.,Email,P006,,Resolved,
CS-2025-00481,2025-07-28,2025-07-31,C10101,Online & Mobile Banking,Customer reported difficulty with online or mobile banking. Customer provided additional context about the experience.,Phone,P008,,Resolved,
CS-2025-00482,2025-07-25,,C10285,Fees,Customer disputed a fee and requested review. Representative attempted to resolve the issue during the interaction.,Phone,P001,,Referred,Compliance
CS-2026-00483,2026-02-01,2026-02-12,C10088,Employee / Service,Customer described dissatisfaction with an employee interaction or service experience. Representative documented the issue for follow-up.,Branch Referral,P008,,Resolved,
CS-2025-00484,2025-03-29,2025-04-09,C10528,Account Servicing,Customer called about concern.,Branch Referral,P011,,Resolved,
CS-2026-00485,2026-02-21,2026-03-05,C10103,Fees,Customer disputed a fee and requested review. Additional notes were entered for review.,Other Department Referral,P005,,Resolved,
CS-2025-00486,2025-11-15,2025-12-07,C10520,Fees,Customer disputed a fee and requested review. Representative documented the issue for follow-up.,Secure Message,P002,,Resolved,
CS-2026-00487,2026-01-18,2026-01-29,C10127,Fees,Customer disputed a fee and requested review. Additional notes were entered for review.,Branch Referral,P004,,Resolved,
CS-2026-00488,2026-06-13,2026-06-26,C10456,Online & Mobile Banking,Issue reviewed with customer.,Phone,P005,B008,Resolved,
CS-2025-00489,2025-10-20,2025-11-07,C10555,cards,Customer reported a debit or credit card concern. Representative documented the issue for follow-up.,Secure Message,P011,,Resolved,
CS-2025-00490,2025-03-07,,C10564,Account Servicing,Customer expressed dissatisfaction with account servicing. Representative attempted to resolve the issue during the interaction.,Secure Message,P006,,Referred,Other Department
CS-2025-00491,2025-03-08,2025-03-18,C10338,Account Servicing,Customer expressed dissatisfaction with account servicing. Representative attempted to resolve the issue during the interaction.,Secure Message,P010,,Resolved,
CS-2026-00492,2026-01-22,2026-01-24,C10180,Online & Mobile Banking,Customer reported difficulty with online or mobile banking. Representative documented the issue for follow-up.,Email,P007,B006,Resolved,
CS-2026-00493,2026-04-07,2026-04-19,C10453,Account Servicing,Issue reviewed with customer.,Secure Message,P002,,Resolved,
CS-2026-00494,2026-06-02,2026-06-09,C10260,Cards,Customer reported a debit or credit card concern. Representative attempted to resolve the issue during the interaction.,Phone,P006,,Resolved,
CS-2026-00495,2026-07-05,2026-07-18,C10510,Fees,Customer disputed a fee and requested review. Representative attempted to resolve the issue during the interaction.,Secure Message,P007,,Resolved,
CS-2026-00496,2026-06-21,2026-06-27,C10590,Other,Customer described a concern that did not clearly fit an available category. Customer provided additional context about the experience.,Phone,,,Resolved,
CS-2026-00497,2026-01-21,2026-01-30,C10223,Fees,Customer upset; follow-up requested.,Branch Referral,P001,B008,Resolved,
CS-2026-00498,2026-03-01,,C10084,Online & Mobile Banking,Customer reported difficulty with online or mobile banking. Additional notes were entered for review.,Branch Referral,P003,B010,Open,
CS-2025-00499,2025-01-11,2025-01-20,C10488,Fees,Customer disputed a fee and requested review. Additional notes were entered for review.,Phone,P004,,Resolved,
CS-2025-00500,2025-10-08,,C10492,Fees,Issue reviewed with customer.,Phone,P006,B007,Referred,Compliance
CS-2025-00501,2025-04-15,2025-04-18,C10429,Online & Mobile Banking,Customer reported difficulty with online or mobile banking. Representative attempted to resolve the issue during the interaction.,Email,P006,,Resolved,
CS-2025-00502,2025-12-14,2025-12-16,C10182,Lending,Customer expressed dissatisfaction related to a lending product or process. Additional notes were entered for review.,Phone,P005,,Resolved,
CS-2026-00503,2026-02-19,2026-03-06,C10471,Cards,Customer upset; follow-up requested.,Phone,P001,,Resolved,
CS-2026-00504,2026-03-15,2026-03-18,C10333,Account Servicing,Customer expressed dissatisfaction with account servicing. Additional notes were entered for review.,Phone,P005,,Resolved,
CS-2025-00505,2025-02-19,2025-02-25,C10372,Fees,Customer called about concern.,Phone,P003,,Resolved,
CS-2026-00506,2026-03-14,2026-03-27,C10575,Account Servicing,Customer expressed dissatisfaction with account servicing. Additional notes were entered for review.,Secure Message,P011,B001,Resolved,
CS-2026-00507,2026-05-13,,C10154,Employee / Service,Customer described dissatisfaction with an employee interaction or service experience. Representative documented the issue for follow-up.,Secure Message,,B007,Referred,Other Department
CS-2025-00508,2025-06-01,2025-06-04,C10215,Account Servicing,Customer expressed dissatisfaction with account servicing. Representative documented the issue for follow-up.,Email,,B001,Resolved,
CS-2025-00509,2025-10-24,2025-11-12,C10068,Fees,Customer disputed a fee and requested review. Additional notes were entered for review.,Other Department Referral,P002,B007,Resolved,
CS-2025-00510,2025-11-02,2025-11-09,C10006,Online & Mobile Banking,Customer reported difficulty with online or mobile banking. Representative documented the issue for follow-up.,Other Department Referral,P002,,Resolved,
CS-2026-00511,2026-01-23,2026-02-10,C10442,Fees,Issue reviewed with customer.,Secure Message,P001,,Resolved,
CS-2025-00512,2025-01-10,2025-01-19,C10173,Other,Issue reviewed with customer.,Secure Message,P002,,Resolved,
CS-2025-00513,2025-07-04,,C10492,Online & Mobile Banking,Customer reported difficulty with online or mobile banking. Representative documented the issue for follow-up.,Phone,P005,,Referred,Compliance
CS-2026-00514,2026-05-16,,C10143,Employee / Service,Customer described dissatisfaction with an employee interaction or service experience. Customer provided additional context about the experience.,Branch Referral,P007,B009,Open,
CS-2025-00515,2025-02-27,2025-03-04,C10149,Account Servicing,Customer expressed dissatisfaction with account servicing. Customer provided additional context about the experience.,Email,P008,,Resolved,
CS-2026-00516,2026-07-07,2026-07-23,C10308,Cards,Customer reported a debit or credit card concern. Customer provided additional context about the experience.,Email,P001,,Resolved,
CS-2025-00517,2025-02-03,2025-02-03,C10147,Online & Mobile Banking,Customer reported difficulty with online or mobile banking. Customer provided additional context about the experience.,Secure Message,P002,,Resolved,
CS-2026-00518,2026-06-19,2026-07-09,C10176,Lending,Customer expressed dissatisfaction related to a lending product or process. Representative documented the issue for follow-up.,Email,,,Resolved,
CS-2025-00519,2025-11-20,2025-11-24,C10125,Online & Mobile Banking,Customer called about concern.,Phone,,,Resolved,
CS-2025-00520,2025-05-06,2025-05-25,C10473,Employee / Service,Customer described dissatisfaction with an employee interaction or service experience. Additional notes were entered for review.,Branch Referral,P007,B010,Resolved,
CS-2025-00521,2025-04-23,2025-05-01,C10228,Fees,Customer disputed a fee and requested review. Representative documented the issue for follow-up.,Phone,P007,,Resolved,
CS-2025-00522,2025-06-11,2025-06-13,C10391,Online & Mobile Banking,Customer reported difficulty with online or mobile banking. Customer provided additional context about the experience.,Phone,P001,,Resolved,
CS-2025-00523,2025-05-22,2025-06-04,C10526,Lending,Customer expressed dissatisfaction related to a lending product or process. Additional notes were entered for review.,Phone,,,Resolved,
CS-2025-00524,2025-04-10,2025-05-01,C10451,Fees,Customer disputed a fee and requested review. Additional notes were entered for review.,Secure Message,P005,,Resolved,
CS-2026-00525,2026-06-15,,C10018,Lending,Customer expressed dissatisfaction related to a lending product or process. Representative attempted to resolve the issue during the interaction.,Phone,P007,,Open,
CS-2026-00526,2026-05-25,2026-06-01,C10001,Fees,Customer disputed a fee and requested review. Representative documented the issue for follow-up.,Phone,P009,B008,Resolved,
CS-2026-00527,2026-08-04,2026-08-13,C10105,OTHER,Customer described a concern that did not clearly fit an available category. Additional notes were entered for review.,Phone,P008,B010,Resolved,
CS-2025-00528,2025-02-09,2025-02-23,C10220,Account Servicing,Customer expressed dissatisfaction with account servicing. Representative attempted to resolve the issue during the interaction.,Other Department Referral,P001,,Resolved,
CS-2026-00529,2026-05-23,,C10278,Other,Customer described a concern that did not clearly fit an available category. Additional notes were entered for review.,Phone,P002,,Referred,Compliance
CS-2026-00530,2026-03-17,2026-03-29,C10329,Account Servicing,Customer expressed dissatisfaction with account servicing. Representative documented the issue for follow-up.,Email,P001,,Resolved,
CS-2026-00531,2026-08-27,,C10157,Cards,Customer reported a debit or credit card concern. Representative documented the issue for follow-up.,Phone,P006,,Open,
CS-2026-00532,2026-08-21,2026-08-24,C10492,Online & Mobile Banking,Customer reported difficulty with online or mobile banking. Representative attempted to resolve the issue during the interaction.,Secure Message,P010,,Resolved,
CS-2026-00533,2026-06-22,2026-06-26,C10297,Other,Customer described a concern that did not clearly fit an available category. Representative attempted to resolve the issue during the interaction.,Phone,P008,,Resolved,
CS-2025-00534,2025-01-25,2025-02-11,C10424,Cards,Customer reported a debit or credit card concern. Additional notes were entered for review.,Secure Message,,B008,Resolved,
CS-2025-00535,2025-06-05,2025-06-23,C10397,Employee / Service,Customer described dissatisfaction with an employee interaction or service experience. Additional notes were entered for review.,Phone,P011,,Resolved,
CS-2025-00536,2025-07-13,2025-07-30,C10443,Fees ,Customer disputed a fee and requested review. Representative documented the issue for follow-up.,Branch Referral,P003,B003,Resolved,
CS-2026-00537,2026-08-19,2026-09-08,C10355,Online & Mobile Banking,Customer reported difficulty with online or mobile banking. Additional notes were entered for review.,Branch Referral,P009,,Resolved,
CS-2026-00538,2026-02-08,2026-02-17,C10574,Fees,Customer upset; follow-up requested.,Email,P006,,Resolved,
CS-2026-00539,2026-06-14,,C10389,Other,Customer described a concern that did not clearly fit an available category. Customer provided additional context about the experience.,Phone,P008,,Open,
CS-2025-00540,2025-05-31,,C10493,Lending,Customer expressed dissatisfaction related to a lending product or process. Representative documented the issue for follow-up.,Phone,P001,,Open,
CS-2025-00541,2025-01-18,2025-01-27,C10489,Online & Mobile Banking,Customer reported difficulty with online or mobile banking. Additional notes were entered for review.,Other Department Referral,P010,,Resolved,
CS-2025-00542,2025-10-30,2025-11-18,C10070,Other,Customer described a concern that did not clearly fit an available category. Additional notes were entered for review.,Email,P001,B003,Resolved,
CS-2025-00543,2025-10-03,2025-10-12,C10474,Employee / Service,Customer called about concern.,Secure Message,P009,B005,Resolved,
CS-2026-00544,2026-08-30,2026-09-06,C10430,Fees,Issue reviewed with customer.,Phone,P009,,Resolved,
CS-2025-00545,2025-08-09,2025-08-28,C10287,Fees,Customer disputed a fee and requested review. Additional notes were entered for review.,Phone,P006,B004,Resolved,
CS-2025-00546,2025-11-22,2025-11-25,C10212,Employee / Service,Customer described dissatisfaction with an employee interaction or service experience. Representative documented the issue for follow-up.,Email,P009,B004,Resolved,
CS-2025-00547,2025-11-23,2025-12-10,C10246,Fees,Customer disputed a fee and requested review. Additional notes were entered for review.,Phone,P002,,Resolved,
CS-2025-00548,2025-12-11,2025-12-27,C10151,Other,Customer described a concern that did not clearly fit an available category. Customer provided additional context about the experience.,Phone,P002,B009,Resolved,
CS-2026-00549,2026-01-11,2026-01-14,C10539,Lending,Issue reviewed with customer.,Branch Referral,P004,B005,Resolved,
CS-2025-00550,2025-07-11,2025-07-23,C10402,Online & Mobile Banking,Customer reported difficulty with online or mobile banking. Representative attempted to resolve the issue during the interaction.,Phone,P004,B006,Resolved,
CS-2025-00551,2025-05-06,2025-05-22,C10343,Fees,Customer disputed a fee and requested review. Customer provided additional context about the experience.,Phone,,,Resolved,
CS-2026-00552,2026-05-17,2026-05-23,C10436,fees,Customer disputed a fee and requested review. Representative documented the issue for follow-up.,Phone,P005,B009,Resolved,
CS-2025-00553,2025-01-25,2025-02-15,C10195,Online & Mobile Banking,Customer reported difficulty with online or mobile banking. Additional notes were entered for review.,Phone,P011,,Resolved,
CS-2025-00554,2025-10-24,2025-11-14,C10236,Lending,Customer expressed dissatisfaction related to a lending product or process. Representative documented the issue for follow-up.,Secure Message,P007,B001,Resolved,
CS-2025-00555,2025-03-27,2025-04-13,C10226,fees,Customer disputed a fee and requested review. Representative documented the issue for follow-up.,Secure Message,P003,,Resolved,
CS-2025-00556,2025-09-12,2025-09-16,C10347,Employee / Service,Customer called about concern.,Email,P009,,Resolved,
CS-2025-00557,2025-03-24,,C10069,Other,Customer described a concern that did not clearly fit an available category. Customer provided additional context about the experience.,Email,P011,,Referred,Compliance
CS-2025-00558,2025-11-07,2025-11-19,C10083,Account Servicing,Customer expressed dissatisfaction with account servicing. Customer provided additional context about the experience.,Branch Referral,P003,B004,Resolved,
CS-2026-00559,2026-08-04,,C10540,Account Servicing,Customer expressed dissatisfaction with account servicing. Additional notes were entered for review.,Phone,P003,B010,Open,
CS-2026-00560,2026-05-01,2026-05-07,C10434,Cards,Customer reported a debit or credit card concern. Additional notes were entered for review.,Phone,P003,,Resolved,
CS-2026-00561,2026-04-09,,C10510,Account Servicing,Customer expressed dissatisfaction with account servicing. Representative attempted to resolve the issue during the interaction.,Secure Message,,,Open,
CS-2026-00562,2026-03-10,,C10532,Employee / Service,Customer described dissatisfaction with an employee interaction or service experience. Representative attempted to resolve the issue during the interaction.,Branch Referral,P007,B007,Referred,Compliance
CS-2026-00563,2026-06-30,2026-07-21,C10226,Cards,Customer reported a debit or credit card concern. Representative attempted to resolve the issue during the interaction.,Other Department Referral,P002,B005,Resolved,
CS-2026-00564,2026-02-17,2026-02-22,C10574,Other,Customer upset; follow-up requested.,Branch Referral,P007,B008,Resolved,
CS-2026-00565,2026-01-31,,C10371,Account Servicing,Customer expressed dissatisfaction with account servicing. Customer provided additional context about the experience.,Other Department Referral,P003,B001,Open,
CS-2025-00566,2025-01-05,,C10468,Online & Mobile Banking,Customer reported difficulty with online or mobile banking. Additional notes were entered for review.,Email,P009,,Referred,Other Department
CS-2025-00567,2025-02-14,2025-03-07,C10546,Online & Mobile Banking,Customer reported difficulty with online or mobile banking. Representative documented the issue for follow-up.,Branch Referral,P011,,Resolved,
CS-2026-00568,2026-07-30,2026-08-04,C10356,Cards,Customer reported a debit or credit card concern. Customer provided additional context about the experience.,Email,P010,,Resolved,
CS-2025-00569,2025-04-03,,C10206,Online & Mobile Banking,Customer reported difficulty with online or mobile banking. Representative attempted to resolve the issue during the interaction.,Phone,P011,,Open,
CS-2025-00570,2025-08-24,,C10520,Other,Customer described a concern that did not clearly fit an available category. Representative documented the issue for follow-up.,Branch Referral,,B005,Open,
CS-2026-00571,2026-02-17,2026-03-05,C10215,Account Servicing,Customer expressed dissatisfaction with account servicing. Representative documented the issue for follow-up.,Phone,P007,,Resolved,
CS-2026-00572,2026-02-14,2026-02-24,C10201,Fees,Customer disputed a fee and requested review. Representative attempted to resolve the issue during the interaction.,Secure Message,P006,,Resolved,
CS-2025-00573,2025-10-09,2025-10-29,C10346,Other,Customer described a concern that did not clearly fit an available category. Customer provided additional context about the experience.,Phone,P011,,Resolved,
CS-2026-00574,2026-02-14,2026-03-04,C10401,Other,Customer described a concern that did not clearly fit an available category. Representative attempted to resolve the issue during the interaction.,Email,P010,,Resolved,
CS-2026-00575,2026-04-23,2026-04-25,C10336,Lending,Customer expressed dissatisfaction related to a lending product or process. Representative attempted to resolve the issue during the interaction.,Phone,P007,,Resolved,
CS-2025-00576,2025-01-07,,C10461,Account Servicing,Customer expressed dissatisfaction with account servicing. Representative documented the issue for follow-up.,Phone,P001,,Referred,Compliance
CS-2025-00577,2025-12-15,2025-12-16,C10241,Cards,Customer reported a debit or credit card concern. Representative documented the issue for follow-up.,Secure Message,P010,B005,Resolved,
CS-2026-00578,2026-05-28,2026-06-03,C10573,Employee / Service,Customer described dissatisfaction with an employee interaction or service experience. Additional notes were entered for review.,Email,P002,,Resolved,
CS-2026-00579,2026-01-22,2026-02-13,C10493,Employee / Service,Issue reviewed with customer.,Secure Message,P002,,Resolved,
CS-2026-00580,2026-01-25,2026-01-27,C10088,Online & Mobile Banking,Customer reported difficulty with online or mobile banking. Representative documented the issue for follow-up.,Phone,P010,,Resolved,
CS-2025-00581,2025-08-08,2025-08-22,C10126,Cards,Customer reported a debit or credit card concern. Additional notes were entered for review.,Email,P006,,Resolved,
CS-2025-00582,2025-05-11,2025-05-29,C10600,Lending,Customer called about concern.,Phone,P007,,Resolved,
CS-2025-00583,2025-05-26,,C10446,Employee / Service,Issue reviewed with customer.,Secure Message,P008,,Open,
CS-2025-00584,2025-01-27,2025-02-18,C10195,Account Servicing,Customer expressed dissatisfaction with account servicing. Representative documented the issue for follow-up.,Branch Referral,P006,B004,Resolved,
CS-2026-00585,2026-08-20,2026-09-01,C10496,Employee / Service,Customer described dissatisfaction with an employee interaction or service experience. Representative attempted to resolve the issue during the interaction.,Phone,P005,,Resolved,
CS-2026-00586,2026-03-29,,C10011,Online & Mobile Banking,Customer reported difficulty with online or mobile banking. Representative documented the issue for follow-up.,Phone,P006,,Referred,Compliance
CS-2025-00587,2025-10-14,,C10575,Cards,Customer reported a debit or credit card concern. Representative documented the issue for follow-up.,Email,P010,,Referred,Compliance
CS-2025-00588,2025-10-03,2025-10-25,C10154,Other,Customer described a concern that did not clearly fit an available category. Additional notes were entered for review.,Secure Message,P010,,Resolved,
CS-2025-00589,2025-12-07,2025-12-18,C10399,Lending,Customer upset; follow-up requested.,Branch Referral,P010,B003,Resolved,
CS-2026-00590,2026-06-28,,C10372,Fees,Customer disputed a fee and requested review. Representative attempted to resolve the issue during the interaction.,Phone,P007,B003,Open,
CS-2025-00591,2025-11-25,2025-11-27,C10294,Employee/Service,Customer described dissatisfaction with an employee interaction or service experience. Additional notes were entered for review.,Secure Message,P007,,Resolved,
CS-2025-00592,2025-01-13,2025-02-04,C10201,Online & Mobile Banking,Customer upset; follow-up requested.,Phone,P004,,Resolved,
CS-2025-00593,2025-04-28,2025-04-29,C10186,Employee / Service,Customer described dissatisfaction with an employee interaction or service experience. Additional notes were entered for review.,Branch Referral,P001,,Resolved,
CS-2025-00594,2025-01-20,2025-02-06,C10148,Online & Mobile Banking,Customer upset; follow-up requested.,Email,P009,,Resolved,
CS-2026-00595,2026-08-06,2026-08-25,C10093,Other,Customer described a concern that did not clearly fit an available category. Representative documented the issue for follow-up.,Email,P002,,Resolved,
CS-2025-00596,2025-07-03,,C10473,Online & Mobile Banking,Customer reported difficulty with online or mobile banking. Customer provided additional context about the experience.,Phone,P002,,Open,
CS-2026-00597,2026-03-26,2026-04-14,C10184,Account Servicing,Customer expressed dissatisfaction with account servicing. Representative attempted to resolve the issue during the interaction.,Branch Referral,P011,B006,Resolved,
CS-2026-00598,2026-04-03,2026-04-03,C10489,Lending,Customer expressed dissatisfaction related to a lending product or process. Customer provided additional context about the experience.,Phone,P009,,Resolved,
CS-2026-00599,2026-02-24,,C10532,Lending,Customer expressed dissatisfaction related to a lending product or process. Customer provided additional context about the experience.,Phone,P010,,Open,
CS-2025-00600,2025-07-27,2025-07-28,C10172,Fees,Customer disputed a fee and requested review. Representative attempted to resolve the issue during the interaction.,Secure Message,P011,,Resolved,
CS-2026-00601,2026-05-18,,C10188,Cards,Customer called about concern.,Secure Message,P002,B002,Open,
CS-2026-00602,2026-01-22,2026-02-03,C10383,Fees,Customer disputed a fee and requested review. Additional notes were entered for review.,Phone,P006,,Resolved,
CS-2025-00603,2025-04-21,2025-04-25,C10066,fees,Customer disputed a fee and requested review. Additional notes were entered for review.,Phone,P001,B010,Resolved,
CS-2026-00604,2026-05-02,2026-05-07,C10048,Fees,Customer disputed a fee and requested review. Representative attempted to resolve the issue during the interaction.,Branch Referral,P004,B001,Resolved,
CS-2025-00605,2025-09-16,2025-09-26,C10178,Lending,Customer expressed dissatisfaction related to a lending product or process. Representative attempted to resolve the issue during the interaction.,Secure Message,P007,,Resolved,
CS-2025-00606,2025-04-01,2025-04-13,C10210,Employee / Service,Customer described dissatisfaction with an employee interaction or service experience. Customer provided additional context about the experience.,Phone,P009,B003,Resolved,
CS-2025-00607,2025-07-20,2025-08-11,C10328,Employee / Service,Customer described dissatisfaction with an employee interaction or service experience. Additional notes were entered for review.,Secure Message,P001,,Resolved,
CS-2025-00608,2025-09-23,2025-10-13,C10387,Fees,Customer disputed a fee and requested review. Additional notes were entered for review.,Branch Referral,P001,B005,Resolved,
CS-2025-00609,2025-12-27,2026-01-12,C10143,Online & Mobile Banking,Issue reviewed with customer.,Email,,,Resolved,
CS-2026-00610,2026-08-17,2026-08-24,C10498,Lending,Customer expressed dissatisfaction related to a lending product or process. Customer provided additional context about the experience.,Secure Message,P004,,Resolved,
CS-2026-00611,2026-05-23,2026-06-05,C10471,Fees,Customer disputed a fee and requested review. Representative attempted to resolve the issue during the interaction.,Phone,P005,B001,Resolved,
CS-2025-00612,2025-09-25,2025-10-07,C10086,Other,Issue reviewed with customer.,Branch Referral,P011,B002,Resolved,
CS-2026-00613,2026-07-18,2026-07-28,C10431,Lending,Customer expressed dissatisfaction related to a lending product or process. Customer provided additional context about the experience.,Email,P005,B002,Resolved,
CS-2025-00614,2025-08-10,2025-08-16,C10013,Online & Mobile Banking,Customer reported difficulty with online or mobile banking. Customer provided additional context about the experience.,Secure Message,P005,,Resolved,
CS-2025-00615,2025-02-28,2025-03-05,C10217,Employee / Service,Issue reviewed with customer.,Email,P003,B003,Resolved,
CS-2025-00616,2025-07-11,2025-07-23,C10099,Online & Mobile Banking,Customer upset; follow-up requested.,Branch Referral,P011,B002,Resolved,
CS-2026-00617,2026-07-26,2026-08-03,C10353,Fees,Customer disputed a fee and requested review. Representative attempted to resolve the issue during the interaction.,Branch Referral,P003,B005,Resolved,
CS-2025-00618,2025-03-19,,C10008,Online & Mobile Banking,Customer called about concern.,Phone,P007,,Open,
CS-2026-00619,2026-08-28,2026-09-06,C10552,Cards,Customer reported a debit or credit card concern. Additional notes were entered for review.,Email,P002,B010,Resolved,
CS-2025-00620,2025-08-15,,C10407,Fees,Customer upset; follow-up requested.,Phone,,B006,Referred,Compliance
CS-2025-00621,2025-08-05,,C10057,Cards,Customer called about concern.,Email,P004,,Open,
CS-2026-00622,2026-08-26,2026-08-28,C10583,Lending,Customer expressed dissatisfaction related to a lending product or process. Additional notes were entered for review.,Other Department Referral,P002,B010,Resolved,
CS-2026-00623,2026-06-30,2026-07-16,C10106,Fees,Customer disputed a fee and requested review. Representative documented the issue for follow-up.,Phone,,B010,Resolved,
CS-2026-00624,2026-05-10,2026-05-16,C10539,Employee / Service,Customer described dissatisfaction with an employee interaction or service experience. Additional notes were entered for review.,Phone,P003,,Resolved,
CS-2025-00625,2025-07-30,,C10486,Cards,Customer reported a debit or credit card concern. Representative attempted to resolve the issue during the interaction.,Secure Message,P006,,Open,
CS-2025-00626,2025-02-13,,C10154,Online & Mobile Banking,Customer reported difficulty with online or mobile banking. Customer provided additional context about the experience.,Phone,P011,B003,Open,
CS-2025-00627,2025-03-24,,C10202,Fees,Customer disputed a fee and requested review. Additional notes were entered for review.,Phone,P004,,Open,
CS-2025-00628,2025-07-15,,C10390,Account Servicing,Customer expressed dissatisfaction with account servicing. Customer provided additional context about the experience.,Branch Referral,P005,B008,Open,
CS-2026-00629,2026-07-26,2026-08-02,C10422,Fees,Customer disputed a fee and requested review. Customer provided additional context about the experience.,Phone,P009,B005,Resolved,
CS-2026-00630,2026-02-16,2026-02-24,C10072,Fees,Customer disputed a fee and requested review. Representative attempted to resolve the issue during the interaction.,Other Department Referral,P003,,Resolved,
CS-2026-00631,2026-06-16,,C10242,Account Servicing,Customer called about concern.,Secure Message,P005,,Open,
CS-2026-00632,2026-08-23,2026-08-29,C10054,Fees,Customer disputed a fee and requested review. Additional notes were entered for review.,Phone,P008,B004,Resolved,
CS-2026-00633,2026-04-13,2026-05-03,C10274,Fees,Customer disputed a fee and requested review. Additional notes were entered for review.,Secure Message,P003,B010,Resolved,
CS-2025-00634,2025-07-29,2025-07-29,C10385,Online & Mobile Banking,Customer upset; follow-up requested.,Branch Referral,P006,B005,Resolved,
CS-2026-00635,2026-03-11,2026-03-17,C10319,Fees,Customer disputed a fee and requested review. Representative documented the issue for follow-up.,Branch Referral,P004,B005,Resolved,
CS-2026-00636,2026-04-09,2026-04-14,C10188,Account Servicing,Customer expressed dissatisfaction with account servicing. Representative documented the issue for follow-up.,Phone,P005,B001,Resolved,
CS-2026-00637,2026-04-17,,C10420,Online & Mobile Banking,Customer reported difficulty with online or mobile banking. Representative documented the issue for follow-up.,Phone,P008,,Open,
CS-2025-00638,2025-09-02,2025-09-08,C10580,Cards,Customer upset; follow-up requested.,Other Department Referral,P009,,Resolved,
CS-2025-00639,2025-12-31,2026-01-13,C10399,Lending,Customer expressed dissatisfaction related to a lending product or process. Additional notes were entered for review.,Phone,P007,,Resolved,
CS-2025-00640,2025-08-27,2025-09-10,C10309,Fees,Customer disputed a fee and requested review. Additional notes were entered for review.,Branch Referral,P004,B004,Resolved,
CS-2025-90001,2025-12-07,2025-12-18,C10399,Lending,Customer upset; follow-up requested.,Secure Message,P010,B003,Resolved,
CS-2025-90002,2025-06-19,2025-07-09,C10411,Fees,Customer disputed a fee and requested review. Representative attempted to resolve the issue during the interaction.,Phone,P006,,Resolved,
CS-2026-90003,2026-05-27,,C10097,Employee / Service,Customer called about concern.,Secure Message,P010,B003,Open,
CS-2025-90004,2025-08-19,2025-08-19,C10416,Account Servicing,Customer expressed dissatisfaction with account servicing. Customer provided additional context about the experience.,Secure Message,P003,,Resolved,
CS-2025-90005,2025-08-11,2025-08-13,C10180,Account Servicing,Customer upset; follow-up requested.,Email,P006,B002,Resolved,
CS-2025-90006,2025-02-14,2025-03-02,C10040,Account Servicing,Customer contacted the bank again regarding the previously reported concern.,Phone,P003,,Resolved,
CS-2025-90007,2025-01-21,2025-01-22,C10291,Cards,Customer contacted the bank again regarding the previously reported concern.,Phone,P009,,Resolved,
CS-2025-90008,2025-07-23,,C10453,Online & Mobile Banking,Customer contacted the bank again regarding the previously reported concern.,Phone,P009,B003,Open,
CS-2025-90009,2025-01-17,2025-01-19,C10173,Other,Customer contacted the bank again regarding the previously reported concern.,Secure Message,P002,,Resolved,
CS-2025-90010,2025-08-20,2025-08-21,C10417,Account Servicing,Customer contacted the bank again regarding the previously reported concern.,Secure Message,P008,,Resolved,
